review_id,course,professor,year,rating,review_text,project_heavy,exam_heavy,homework_heavy,time_consuming,self_learning_required,harsh_grading,disorganized_course,fair_but_strict,evidence_snippet,label_rationale
CHEM241_178,CHEM241,Jeffery Davis,2024,5,"The class itself is honestly really slow. He spends way too much time going over really basic concepts in way too much detail, but if you have trouble understanding the basics, then it may be helpful. But because it's so slow, it's also really easy. An 80 is an A- while 90+ is an A, so the cutoffs are really generous. He never records, but he does post all his notes, so you can honestly teach yourself the content even if you don't show up. There are also 4 exams (3 midterms + 1 final), but he drops your lowest exam, so if you do well on the first three, you don't even have to take the final. The averages on the exams tend to be 60-70, but keep in mind there is a 10% curve built in the class, so it's really not that hard to do well. Davis himself is also so sweet and truly cares about his students. In my opinion, if you want the content more in-depth, take a different professor because respectfully, Davis is so slow with his teaching. If you just want to get the class over with and chill, then take Davis.",0,1,0,0,1,0,0,0,"He never records, but he does post all his notes, so you can honestly teach yourself the content even","Clear evidence supports exam heavy, self learning required."
CHEM271_148,CHEM271,James Rainbolt,2023,4,"I’m seeing a lot of negative reviews for Rainbolt but I’m going to give the most honest review as concise as possible -to address the “throwing chair” and “shut up” comments made by other students, he only did that a total of like 3 times and it was to get the class’s attention at the beginning of class. No doubt it was strange but it was only bc the entire class would not let him begin lecture. -He is a great lecturer, and encourages students to ask questions. Though sometimes if you ask a question that he just answered, he does come off as condescending when answering it. -He is no doubt and strange guy with an interesting demeanor, but it honestly made the class more engaging. -He often let us out early, and additionally would drop jokes and humor the class (to the best of his ability) -He had 2 exams + final and yes the second exam and final was hard. He didn’t give us too many practice problems to help us study, which is main reasoning for the loss of one star. Personally, I was able to do decent on both exams just based off of the modules he gave us, but more problems would’ve definitely been appreciated bc I went into those exams concerned af. We have weekly quizzes and homework modules which helped bring up people’s grades. He also curved the class at the end. Overall, if there’s another option, take them. But don’t feel as if you got the worse teacher with Rainbolt.",0,1,0,0,0,0,0,0,"-He often let us out early, and additionally would drop jokes and humor the class (to the best of",Clear evidence supports exam heavy.
MATH241_445,MATH241,Manoussos Grillakis,2025,1,- horrible lecturer - theory heavy lectures - doesn't explain what he's teaching - exams look completely different than lectures - very disorganized - discussion sections are helpful as long as your TA is good - use the textbook to study/teach yourself - exams aren't too difficult - watch Justin's videos - take this course with someone else,0,1,1,1,1,0,1,0,- horrible lecturer - theory heavy lectures - doesn't explain what he's teaching - exams look completely different than,"Clear evidence supports exam heavy, homework heavy, time consuming, self learning required, disorganized course."
MATH246_280,MATH246,Antoine Mellet,2024,4,"Overall, he's a good professor that explains the subject extremely well. Lectures are key and almost unskippable. There's no lecture slides or anything as he uses a blackboard. He posts decent practice problems and good practice tests before the midterms and finals. Matlabs are quite confusing as he doesn't go over them in class. Make sure you get some classmate's contacts or join the groupme for matlab. Work on going quickly as it's easy to run out of time on a test. Discussions and TA's are extremely helpful. The final was somewhat tough as most people didn't have enough time to finish.",0,1,0,0,0,0,1,0,The final was somewhat tough as most people didn't have enough time to finish.,"Clear evidence supports exam heavy, disorganized course."
MATH401_019,MATH401,Raluca Rosca,2021,2,"She just reads off the textbook. What she covers in 3 lectures I usually covered in 30 minutes. Stopped going to the lecture after the first week. The class is easy though, which is nice.",0,0,0,0,0,0,0,0,No clear workload signal.,No clear workload signal.
PHYS260_102,PHYS260,Rajarshi Roy,2024,4,"Raj is very passionate about every subject he teaches- often going into depth for the history behind every theory. Lectures were a bit hard for me to go to since most of it consists of the history of a subject and then redundant examples of ""what would happen if"" instead of problems on the board. I feel that the examples on the board that are like the quizzes or exams would be much more helpful than just the theories. But the first 2 exams were open note and he is a good teacher overall.",0,1,0,0,0,0,0,0,Lectures were a bit hard for me to go to since most of it consists of the history of,Clear evidence supports exam heavy.
STAT100_139,STAT100,Matthew Griffin,2024,2,"Griffin is an OKAY professor. Please, all these positive reviews made me take this man not knowing what actually was to come even though I’m succeeding in his class this man does NOT play with attendance. You’re literally FORCED to attend each lecture section or a zero is your portion. He assigns assignments EACH class, I don’t know what scarred him to be so annoying with attendance, literally. There’s no grace at all. His class is just so annoying from the MyLab assignment and then the coding assignments it’s just such a tedious class for a 100 level. Try a different professor if possible.",1,0,1,0,0,0,0,0,His class is just so annoying from the MyLab assignment and then the coding assignments it’s just such a,"Clear evidence supports project heavy, homework heavy."
BSCI160_496,BSCI160,Magdalene Ngeve,2024,2,I wish I could say nicer things about Dr. Ngeve and this class because after going to office hours she seems like she could be a nice person outside of lecture she also gives a lot of extra credit which you should take advantage of. Her exams are extremely long and difficult (about 50 questions free response and multiple choice) and for a 100 level intro class honestly unnecessary the class average is usually below a 60%. While there are only 5 homework's it is impossible to get a 100% on them and graders are harsh. She reads directly off of the slides while lecturing and each class is very content heavy with no review. This being said study and do the work and you will honestly be okay her syllabus says that you will need 3hrs of studying for each 1hr of lecture and this is true but it is not impossible to do well.,0,1,1,1,0,0,0,0,Her exams are extremely long and difficult (about 50 questions free response and multiple choice) and for a 100,"Clear evidence supports exam heavy, homework heavy, time consuming."
BSCI170_218,BSCI170,Nicholas Fletcher,2025,5,"Dr. Fletcher is great! He's super nice and gives really great examples/analogies to make things make more sense. Overall, the course is pretty straight forward, it's mainly just memorizing things. The exams are also super easy as long as you go to class/watch the recordings and study a little. Would recommend.",0,0,0,0,0,0,0,0,No clear workload signal.,No clear workload signal.
BSCI201_025,BSCI201,Justicia Opoku-Edusei,2020,3,"Opoku is an okay professor. The class itself isn't that bad, but her exams can be really tricky. The multiple-choice, which is 1/3 of the exams, is tricky as you have to pay attention to the wording. However, if you take notes on what she writes, you should do okay on the exam. Also, there are bonus points embedded within her exam. On a different note, her handwriting is terrible, so it is hard to read. Also, she talks extremely fast and has an accent, so it's difficult to understand what she is saying.",0,1,0,0,0,0,0,0,"The class itself isn't that bad, but her exams can be really tricky.",Clear evidence supports exam heavy.
BSCI207_119,BSCI207,Nicholas Fletcher,2022,3,"Fletcher's a good professor but I personally don't really like his class. He goes really into depth with everything, but a lot of the time its just way too much talking. My lectures were only 50 minutes long but they are packeddd with information and its kind of overwhelming. It's very very useful to have cheat sheets for the exams because it's usually a lot of material. Its easy to do well in this class as long as you are prepared for each exam. The homeworks and GAE's are all graded for completion and you have a lot of opportunities to bring your grade up with the online quizzes. He gives you 3 attempts for the concept quizzes after every lecture, but just one for the GAE quizzes before the GAE to make sure you watched the GAE lecture and material beforehand. He also drops the lowest exam, quiz, and homework. He's a really nice, engaging, and easy-going lecturer, but this class just wasn't for me. I do recommend him though.",0,0,1,0,0,0,0,0,The homeworks and GAE's are all graded for completion and you have a lot of opportunities to bring your,Clear evidence supports homework heavy.
BSCI222_170,BSCI222,Kimberly Paczolt,2024,5,"Disclaimer: I took BSCI222 over the summer, which means that my exams were open-note and the course itself was paced much, much faster. I realize that means that if I had taken Dr. Paczolt’s class during the Fall or Spring, I might have had a radically different experience. Personally, I found Dr. Paczolt’s recorded lectures to be pretty informative, but very, very slow—I put her on 1.5x to focus, and I had to get through an hour and half of lecture material almost everyday. There’s a lot of content and assignments in a short period of time, and I struggled a little to keep up, especially since a lot of it was graded for accuracy. The exams are difficult, to be honest, but if you watch her lectures and write down everything she says, you’re golden. Discussions were fine—the exam review was helpful because we broke down practice problems. I didn’t go to OH because I was working full time, but from her live lectures, I think she came off as friendly and personable. She was always already to answer questions. Overall, I enjoyed her class and I think it was structured pretty well.",0,1,1,0,0,0,0,0,"The exams are difficult, to be honest, but if you watch her lectures and write down everything she says,","Clear evidence supports exam heavy, homework heavy."
BSCI223_002,BSCI223,Richard Stewart,2007,4,Not a very engaging lecturer although he really knows his stuff. He is much more help when you go to his office hours. Sit up closer because he doesn't ever seem to be very loud even when he is miked.,0,0,0,0,0,0,0,0,No clear workload signal.,No clear workload signal.
BSCI410_026,BSCI410,Stephen Mount,2019,2,"Stephen Mount is a mediocre *at-best* professor. While clearly brilliant with regards to his knowledge of genetics and biology as a whole, his poor public speaking/course design abilities severely damage his ability to teach. Content is disorganized; there is not clear architecture to what students are expected to learn and lectures take frequent roundabout tangents that are seemingly unrelated to course material. Ambiguous about grading --> literally does not communicate how he will assign grades. Gave a vague comment about how he matches exam grades to fit a certain standard deviation, but said he assigns letter grades based off how he ""feels the class did as a whole"". Doesn't have office hours and frequently ignores raised hands. Overall, the class is not too difficult, but teaching seems to be far outside of the abilities Stephen Mount has been given as a scientist.",0,0,0,0,0,0,1,0,Content is disorganized; there is not clear architecture to what students are expected to learn and lectures take frequent,Clear evidence supports disorganized course.
CHEM131_444,CHEM131,Amanda Schech,2025,4,"She is a great teacher, makes students feel welcome, and is always willing to help. Something that I didn't like was how her midterms were harder than concepts taught during lectures. Those practice exams are a simple reflection of what will show up in your exams. I also didn't like that she made the final regrade window open for a few hours, which hindered most students from checking their exams and looking for potential errors. Other than that, I would recommend her, but be ready to put time into this class.",0,0,0,0,0,0,0,0,No clear workload signal.,No clear workload signal.
CHEM231_343,CHEM231,Sonia Hirschauer,2025,2,"I HATE HER. Ever since she has been investigated, she has turned into a mean and rude lady. She may seem nice during lecture, but when you go to her office hours, she is rude af. I had made an one on one appointment with her because I couldn't figure out a topic no matter how much I studied it, so I thought that if I asked for more help she would do her job... WRONG. She pretty much called me dumb and how the topic I was confused on was common sense (acid and bases). I literally left her office in tears... She hates dumb people, so if you feel like you have a ""dumb"" question, don't even ask because no matter what you ask she will be rude. I regret taking her with every ounce in my body. I took her because the reviews were good but I was misled. You could blame the chemistry department, but she is also to blame because I feel as if she doesn't give us the necessary tools to pass. She tells you to practice the PP sets because it will help us prepare for the exam, also WRONG. No matter how much I knew the the sets, it wasn't enough for the exam. Unless you are naturally gifted in chemistry don't bother taking her. And you know whats crazy... DIXON'S CLASS was doing better than all the chemistry classes. Take Dixon because she actually cares for you and wants you to learn chemistry and pass her exams. On top of that, dixon gives up to 12 points of extra credit while hirshauer gives us 2-3 maybe. Her homeworks might be easy but they don't help you prepare. Don't be misled like I was.",0,0,0,0,0,0,1,0,She pretty much called me dumb and how the topic I was confused on was common sense (acid and,Clear evidence supports disorganized course.
CHEM241_177,CHEM241,Jeffery Davis,2024,4,"I'm going to be honest, I was misled. His reviews were so great, and coming off of a A in orgo I I figured this class would be a good time, and while I did enjoy his class and did well regardless, I found his lectures to be repetitive. He doesn't really cover the type of questions you will see on an exam, but his exams are really easy if you put in the work. I just did not like this class as I was used to orgo I with Dr.Hirschauer, who is a brilliant teacher and explained everything so clearly, so I was not prepared to self-study for orgo II. STILL TAKE HIM OVER ANY OTHER PROFESSOR THE MAN IS SO WHOLESOME AND HE IS A BLESSING. (there is also a godly curve (80% for an A-)!",0,0,0,0,0,0,0,0,No clear workload signal.,No clear workload signal.
CHEM271_147,CHEM271,James Rainbolt,2023,1,"Man is so bad. Not a great lecturer and relies on his ""modules"" to teach mostly which have a decent amount of mistakes in them. They're pretty useful but he lacks comprehensive material before exams so I'd just redo the entirety of his modules before them. His prelecture videos are much better than his actual lectures, so I wonder why he doesn't just lecture like a normal professor instead of doing his flipped classroom experiment where he teaches like it's a high school class where he just hands you a worksheet to do. I'm not a bad student for reference, I have a 4.0 and got an A in stocker for orgo 1 and an A in MS for orgo 2, but I struggled more in this class than I did in either organic chemistries so that that as you will. I've never received below a 92 in chemistry before this class and my exam grades were 85, 77, and a 80 for the final. If you're wondering why I had an A with these exam grades it's because he gave a fat 8% curve at the end of the year which meant that I was comfortably sitting at an A. Exams are ridiculous and don't correlate to the level of depth he went into in class. During the final exam viewing I swear there were about 5 girls crying after seeing their grades. I felt a little bad for them, but not too much because I'm a dick. You have to keep in mind however that these people passed both organics before this class, and I've never seen someone cry over a chemistry grade before this, so again, take this as you will. 4/10 professor, I've seen worse teachers in high school, but this is my worst academic experience so far at umd. Upside is that I didn't work nearly as hard in this class as compared to organic because no matter how bad the professor is, the material for gen chem 2 is still braindead easy",0,1,0,0,0,0,0,0,"I've never received below a 92 in chemistry before this class and my exam grades were 85, 77, and",Clear evidence supports exam heavy.
MATH241_444,MATH241,Manoussos Grillakis,2025,5,This professor has VERY EASY tests and homework. I learned the material completely asynchronously with Khan Academy and had no issues. You do not have to show up to class for the entirety of the first month so it is good for people who are self motivated.,0,0,0,0,1,0,0,0,I learned the material completely asynchronously with Khan Academy and had no issues.,Clear evidence supports self learning required.
MATH246_279,MATH246,Antoine Mellet,2024,5,"Great lecturer, gives lots of examples for every topic so you know how to solve the problems. The Matlabs were kind of long and annoying but graded very leniently. Quizzes every week are super easy and a free 10% of your grade. The exams were fair, and instead of weighing all three equally, he makes the one you do the worst on worth 10% and the other two worth 20%. The final was a little difficult, with more focus on weird integrations than the actual differential equatiom solving techniques, but nothing too crazy. If you have the choice to take MATH 246 with Mellet, take it! Highly recommend.",0,1,0,0,0,0,0,0,Quizzes every week are super easy and a free 10% of your grade.,Clear evidence supports exam heavy.
MATH401_018,MATH401,Justin Wyss-Gallifent,2021,5,"Amazing!! you could literally not know any linear algebra and get a B or better in this class. He gives you all the information that you need to know. Super nice guy, chill.",0,0,0,0,0,0,0,0,No clear workload signal.,No clear workload signal.
PHYS260_101,PHYS260,David Buehrle,2024,3,"hes mid, boring lectures and hard asf tests. he curves like crazy tho, so you can still get a good grade ig u can learn something in his class",0,1,0,0,0,0,0,0,"hes mid, boring lectures and hard asf tests.",Clear evidence supports exam heavy.
STAT100_138,STAT100,Matthew Griffin,2024,5,"Prof. Griffin is a character. One of the reviews said he was ""sassy"" and he lowkey is, but it's funny, and he's actually very kind <3. I was scared of him at first because he seemed really strict, but over time, I realized he just cares about making sure everyone understands the topic. I was also worried about taking stats bc I did not do well on the AP Stat exam, but it is WAY easier than AP Stat. He also gives SOOO much extra credit literally for the most random things. Like he'll ask what color the graph is, and if you say the right color, you get extra credit LOL. Additionally, sometimes he brings in donuts and gives them out for extra credit. #yummy Every class, you either have to do a worksheet, which is on paper, or an assignment on canvas. It's not too hard, but if you need help, the AMPS will help. The practice exams are almost identical to the real exam, he just changes the numbers. Cons: Attendance is SO strictly enforced. I once missed a class, and my grade dropped about 2%. like chill :(",0,1,1,0,0,0,0,0,"It's not too hard, but if you need help, the AMPS will help. The practice exams are almost identical","Clear evidence supports exam heavy, homework heavy."
BSCI160_495,BSCI160,Magdalene Ngeve,2024,3,"Dr. Ngeve is very kind and passionate about her work. I personally did not have the best experience with the class overall. The lectures are often not very helpful as the slides are vague and very numerous so it can be hard to pay attention. The class is very content and vocab heavy. The exams are pretty difficult and the average is usually not very high but she does give lots of extra credit. Your grade is definitely reliant on the extra credit which just feels like busy work and outdated assignments, it does feel like a waste of time because maybe if the material was explained in a better way there would not be a need for excessive extra credit. Nonetheless, she is very kind and apparently other 160 professors are worse.",0,1,1,1,0,0,0,0,The exams are pretty difficult and the average is usually not very high but she does give lots of,"Clear evidence supports exam heavy, homework heavy, time consuming."
BSCI170_217,BSCI170,Michael Keller,2025,5,"Keller is a really good professor, everyone saying he's one of the best 170 professors is telling the truth. His lectures can be a little slow at times, but I found them engaging and interesting and as long as you pay attention, you'll get all the info you need for exams. Having four exams and a final is a lot, but his exams are relatively easy, and the questions are mostly straightforward and based on surface level knowledge. The worksheets are usually a little harder than the exams, but I enjoyed the mental push, and it made me feel more prepared for the exams. As long as you pay attention, take notes, and take advantage of his study guides, you should have no problem doing well!",0,0,1,1,0,0,0,0,"Having four exams and a final is a lot, but his exams are relatively easy, and the questions are","Clear evidence supports homework heavy, time consuming."
BSCI201_024,BSCI201,Justicia Opoku-Edusei,2019,3,"If you have to take this class for your major and need a good grade, Opoku is very much fine as her exams are fair and have plenty of easy extra credit questions. HOWEVER, her lecture style is drier than the Sahara Desert and if you cannot endure the idea of looking at her absolutely terrible hand written notes on a projector that goes faster than you can type for EVERY SINGLE LECTURE, do not take this class. To give you an idea of how horrible the lecture experience is, my TA recommended me to record every lecture while writing down notes, then listen back to the lecture again and fill out the unavoidable blanks you will have on your notes because she writes in supersonic speeds. A&P is already a dry subject, but my god Opoku's lectures suck even the smallest molecule of water out of the content and what you have left is literally just copying words from the projector to your notes. ALSO, everything she hand writes will be on the exam, but when she lectures and writes at the same time her sentences are fragmented to hell, with long pauses between each word as she speaks while she writes. Imagine, instead of ""mitochondria is the powerhouse of the cell"", you get ""mitochondria -- is -- the -- powerhouse -- of -- the -- cell"". This makes the lecture very disorienting as the most important parts of the contents are spoken in a way that is hard to comprehend as one whole sentence, especially when she's talking about cause and effect stuff like functions of mechanisms.",0,1,0,0,0,0,0,0,"If you have to take this class for your major and need a good grade, Opoku is very much",Clear evidence supports exam heavy.
BSCI207_118,BSCI207,Nicholas Fletcher,2022,5,"Nick is an engaging lecturer and is great at helping freshmen make the transition to college. He previously taught at MC so I think he has a lot of understanding regarding the difficult transition that freshmen have to make which is important for teaching 100 and 200 levels. I took 207 as a junior due to procrastination and it almost felt “too nice”. However, you are expected to stay on top of things in this class. There will usually be either one HW or one GAE (group activity) every week and there will be a concept check after every lecture. Be aware of this and always do your work. You do not want to lose easy points in this class!",0,1,1,0,0,0,0,0,There will usually be either one HW or one GAE (group activity) every week and there will be a,"Clear evidence supports exam heavy, homework heavy."
BSCI222_169,BSCI222,Kimberly Paczolt,2024,1,"AVOID THIS PROFESSOR AT ALL COSTS. She is absolutely ridiculous. She has absolutely no empathy for her students and is extremely condescending. She is unbelievably rude and intentionally hides her due dates so that students would miss the assignments. I had two biologists tutor me for this class, one who received their PhD in genetics and another who conducts research in genetics. Both agreed that Paczolt does not know what she is talking about and has absolutely no idea how to teach. Instead of teaching main concepts (that are actually interesting) she would rather you memorize insignificant details for an exam which she gives you absolutely no time for. On top of that, TA Noah needs to fix his attitude problem. He is equally as condescending as Paczolt. DO NOT TAKE PACZOLT.",0,0,0,0,0,0,0,0,No clear workload signal.,No clear workload signal.
CHEM131_443,CHEM131,Frances Stump,2025,4,Spring 2025 was her first semester teaching but she did a fantastic job doing so. I just think she needs to work out her kinks regarding her teaching methods. Like most stem classes you are going to have to basically teach it to yourself and find outside sources but truly her exam study guides and the notes were all you needed for her exams. I never got lower than a B on a midterm and got a 91 on the final.,0,0,0,0,0,0,0,0,No clear workload signal.,No clear workload signal.
CHEM231_342,CHEM231,Lenea Stocker,2025,5,"Very organized and fun to learn from! Her tests and homeworks can be hard, but if you put in the work (aka going to lecture, doing practice problems, going to OH), it's very feasible to get an A.",0,1,1,0,0,0,0,0,"Her tests and homeworks can be hard, but if you put in the work (aka going to lecture, doing","Clear evidence supports exam heavy, homework heavy."
CHEM241_176,CHEM241,Jeffery Davis,2024,5,"Dr. Davis is the best professor you can ask for for orgo 2. If you have friends in Issacs and whoever else teaches it you'll see firsthand how much those people struggle compared to Davis. He genuinely cares about his students and is extremely passionate towards organic chemistry, which makes even his 8 AMs bearable. He always tries to show applications of organic chemistry in real life, something which I appreciated a lot. His TA Nick was amazing and held 3 hour review sessions pre-exams, which helped organize the info in my brain super well. Do keep in mind that your only grades are exams, though. Overall, take Davis!!",0,0,0,0,0,0,0,0,No clear workload signal.,No clear workload signal.
CHEM271_146,CHEM271,James Rainbolt,2023,1,"such a rude individual, cannot teach, thinks we can learn only from example without previous explanation, needlessly hard exams with little to no curve. Literally single-handedly tanked my gpa with his bs. Not enough time for quizzes that are on subjects we did not go over in class. This guy seriously needs an attitude check. I don't understand how Anyone could ever rate him higher than one star, DO NOT TAKE HIM EVER.",0,1,0,0,0,1,0,0,"such a rude individual, cannot teach, thinks we can learn only from example without previous explanation, needlessly hard exams","Clear evidence supports exam heavy, harsh grading."
MATH241_443,MATH241,Kendall Williams,2025,1,"Though the professor taught course conent well throughout the entirety of the class, the exams were incredibly unfair. The questions on the exams (which make up almost the entirety of your grade) were problem concepts that we had never seen before. We were told that doing the suggested problems would adequately prepare us for the exam, but the exam questions were nothing like anything seen previously. For a 50 minute exam, there was not enough time to finish the incredibly challenging word problems. Our class did not do well on any of the three midterms (even with the professor dropping a quarter of the questions on the second one because almost no one finished). Even with such low grades, the professor was unwilling to curve and did not accomodate the vast majority of students by working to make subsequent midterms more understandable. Our first midterm average was a 46%.",0,1,0,0,0,0,0,0,"Though the professor taught course conent well throughout the entirety of the class, the exams were incredibly unfair.",Clear evidence supports exam heavy.
MATH246_278,MATH246,Francisco Arana Herrera,2024,5,"Never went to class and only learned from Justin's notes. Easy exams with straightforward problems and not hard to finish on time. Easy midterms, easy final, easy MatLab assignments. Would recommend.",0,1,1,0,0,0,0,0,Easy exams with straightforward problems and not hard to finish on time.,"Clear evidence supports exam heavy, homework heavy."
MATH401_017,MATH401,Justin Wyss-Gallifent,2020,5,"Very good lecturer, definitely lives up to his reputation. I don't really need to go into much more, the rest of the 100+ reviews tell the rest of his story. He is one of the best lecturers I've seen at UMD. If you can take a class with him, DO IT!",0,0,0,0,0,0,0,0,No clear workload signal.,No clear workload signal.
PHYS260_100,PHYS260,David Buehrle,2024,5,The physics department at UMD is generally tragic but professor Buehrle is the one exception. He is genuinely incredibly passionate about physics and is super energetic (which I can not say about the other physics professors at Maryland). He teaches the content very well and is very helpful if you want to go to his office hours. The one catch is that his exams are very difficult compared to other professors so it may humble you if you don't study the content well. But even with that he curves very generously to get the average to around an 80. I would definitely recommend him.,0,1,0,0,0,0,0,0,The one catch is that his exams are very difficult compared to other professors so it may humble you,Clear evidence supports exam heavy.
STAT100_137,STAT100,Matthew Griffin,2024,5,Taking him right now and I have never felt this confident about a midterm coming up next week!!,0,0,0,0,0,0,0,0,No clear workload signal.,No clear workload signal.
BSCI160_494,BSCI160,Magdalene Ngeve,2024,4,"She is a very nice professor. All of the information needed for class is covered by the lectures and tons of extra credit opportunities are available that everyone should do. There is a good amount of information and work each week for the class, but if you have any questions she has office hours twice a week and replies to emails very fast.",0,0,0,0,0,0,0,0,No clear workload signal.,No clear workload signal.
BSCI170_216,BSCI170,Michael Keller,2025,4,"I haven’t finished the class yet, but so far, Keller seems like a really nice guy. That said, I found his lectures hard to focus in — I’d often zone out or get distracted, so I ended up just watching the recordings and taking notes on my own. He tries not to read off the slides, but it sometimes feels like he’s talking in circles without saying much. Honestly, I learned most of the material from the extra notes he posts. There are four midterms and a final, which feels like a lot. The first one is a ""mini exam"" in the second week to help us get used to his style — but all of his exams are pretty straightforward. I mostly just used the study guides and didn’t even bother going back to my messy lecture notes. Haven’t taken the final yet, but I’m not too worried. The best part of the class is all the extra credit! There are participation-based clicker questions (about one every two lectures), and I’ve already earned like 15 points just from those. They’re great buffers if you mess up a worksheet. For structure, there are simple worksheets, weekly ELMS quizzes, and practice problems before each exam. I expected the class to be way harder, but Keller keeps things simple and doesn’t make us memorize a bunch of random stuff. I just wish his lectures were easier to stay engaged with.",0,0,0,0,0,0,0,0,No clear workload signal.,No clear workload signal.
BSCI201_023,BSCI201,Sara Lombardi,2017,5,"Professor Lombardi is honestly one of the best biology professors I've had at this school. She tries really hard to make everything as clear as possible and you can definitely get at least a B during the class exams by just looking through the powerpoints. Professor Lombardi also gives tips for the lab section of the class, and offers a max of 10 points of extra credit. The class is out of 1000, so it's 1% of extra credit, but it's better than nothing. She's really strict about her cut offs though so a 895/1000 won't be rounded up to a 900/1000.",0,1,1,0,0,0,0,0,She tries really hard to make everything as clear as possible and you can definitely get at least a,"Clear evidence supports exam heavy, homework heavy."
BSCI222_168,BSCI222,Raymond StLeger,2024,4,"This is a challenging course, but I don't believe anything is unjust or unfair in the class. You need to watch all lectures thoroughly, and quite literally anything can be on the test, but this is expected and stated clearly by the professor. He's a very passionate speaker, and if you enjoy learning about genetics, there's a lot of lectures that include how real world research and how they connect to the material, and I found lots of the research very interesting. There is unfortunately LOTS of material, the lectures are very long and you need to put lots of time and effort to study. Also no curve.",0,1,0,1,0,1,0,0,"This is a challenging course, but I don't believe anything is unjust or unfair in the class. You need","Clear evidence supports exam heavy, time consuming, harsh grading."
CHEM231_341,CHEM231,Bonnie Dixon,2025,5,"There are a lot of bad reviews, these people are probably very salty in my opinion. Dr. Dixon goes above and beyond to personally help students and wants everyone to succeed in her class. She offers extra credit opportunities before every exam, and she always scores her exams such that you can skip an entire question and still get 100%. I'm doing bad in this class because I'm frankly very lazy personally, but there is EVERY opportunity to make sure you get an A in this class. You just have to take it. Dr. Dixon can sound harsh at times but she really pushes people to success.",0,0,0,0,0,0,0,0,No clear workload signal.,No clear workload signal.
CHEM241_175,CHEM241,Bonnie Dixon,2024,2,"Difficult course, memorization heavy, fair tests. Dixon can be unorganized sometimes and unhelpful. Office hours are usually crowded.",0,1,0,0,0,0,0,0,"Difficult course, memorization heavy, fair tests.",Clear evidence supports exam heavy.
CHEM271_144,CHEM271,James Rainbolt,2023,1,"Straight narcissist, who lacks empathy. Slams tables in class and throws chairs across the room if he hears even a peep from anyone chatting. Demands respect even though he belittles majority of the people who ask questions in class. Created by far the most unfair midterm I have ever seen throughout my entire academic career, one that EVERYONE complained about. He never even addressed the fact that the midterm was unjust, he just continued to make everyone more stressed about their grade by gatekeeping the class average and repeatedly saying he’s not going to curve. He gives no proper exam preparation material other than these module packets which he creates. That’s the only study material we have to work with yet somehow he still thinks it’s a good idea to make the exam questions on concepts we have never practiced while everything on the exam barely resembles anything from class or our homework/the module packets. Worst teacher ever, UMD has yet to bring in a proper GenChem2 Professor. I’m honestly so disappointed with UMD, the Chem department and whoever hired this bozo.",0,1,0,0,0,0,0,0,"Created by far the most unfair midterm I have ever seen throughout my entire academic career, one that EVERYONE",Clear evidence supports exam heavy.
MATH241_442,MATH241,Junyan Zhao,2025,2,"I strongly recommend not taking Dr. Zhao. It's obvious he knows his stuff but, in my experience, he does not explain it well. He comes in with a stack of paper printed from the textbook and writes it down verbatim, rushes through examples directly from the textbook (again, verbatim) and that is almost entirely the lecture. He does very little explaining and mostly just does the algebra and writes down the formulas. If you already have experience with Calc III or multivariable calc, you might have better luck but if it's your first time taking it...good luck. I had to teach myself this entire semester and I'm suffering to say the least. Please save yourself.",0,0,0,0,1,0,0,0,I had to teach myself this entire semester and I'm suffering to say the least.,Clear evidence supports self learning required.
MATH246_277,MATH246,Antoine Mellet,2024,5,"Wonderful lecturer, my notes always turn out great. There are weekly quizzes you have to go to, and the biweekly matlab projects are annoying, but the exams are fair. As long as you do enough practice you will understand how to do everything and be fine.",1,1,0,0,0,0,0,0,"There are weekly quizzes you have to go to, and the biweekly matlab projects are annoying, but the exams","Clear evidence supports project heavy, exam heavy."
PHYS260_099,PHYS260,Rajarshi Roy,2024,5,"TAKE HIM!!! Best physics professor, super sweet and accommodating. His first two exams were open notes and open internet. If you go to his office hours he will spend the time to walk you through the content. I did find his lectures a little confusing and redundant so I mainly learned from the textbook but when he is teaching you can tell he is genuinely passionate about the subject. HIGHLY reccomend!",0,0,0,0,0,0,1,0,I did find his lectures a little confusing and redundant so I mainly learned from the textbook but when,Clear evidence supports disorganized course.
STAT100_136,STAT100,Ishfaaq Mohammed Imtiyas,2024,3,This class is very easy if you take a little bit of time to study for each exam and show up to class. His class is extremely boring though. He's kind of all over the place when he lectures and could simplify a lot. The TA does not take attendance at discussions so I wouldn't recommend going.,0,0,0,0,0,0,1,0,He's kind of all over the place when he lectures and could simplify a lot.,Clear evidence supports disorganized course.
BSCI201_001,BSCI201,Justicia Opoku-Edusei,2015,3,"*Dr. Opoku is a solid OK* This is a review for her summer course Temperament: 1.Dr. Opoku is pretty nice unless you have a question regarding her lecture. Like a reviewer below me said -- she will shut you down REAL quick. She can get kind of mean if you question her in the slightest. 2.She has some serious issues regarding body image. She makes some pretty awful jokes regarding skinny girls such as ""oh, well you'll get osteoporosis meanwhile us big boned girls wont."" It really made me and the rest of the class uncomfortable-- considering most of the class was girls. 3. Unless you're willing to sit through her ranting for 30 min, do NOT ask her about basic research. You've been warned. Grading/Lecture: 1.She does not curve. Her class is out of 1000 points. With two exams and a final. (final is not cumulative.) She also has these ""summary sheets"" that are 30+ easy points. DO THESE. Half of the class points come from lab, which has a MASSIVE amount of information. Learn the diagrams by heart and use the power points given by the TA's during lab. 3. She writes her notes on an overhead projector like in middle school. Her handwriting is AWFUL and she writes unbelievably fast. I would suggest either bringing a laptop or prepare to get wrist cramps. 4. Her exams are fairly ok, if you went to class. They come straight from her notes. so no book necessary here. 5. Her exams consist of multiple choice, T/F, short answer, and a matching that creates a phrase. 5. She has tons of extra credit points! (hence no curve) Study Tips: This class has a lot of material and she will ask you on everything she talked about in class. She hates the book(even though she uses it) and usually has slides that are from the book just to say ""NOPE this is not the right thing. "" So, I would suggest going to class. This class is totally doable and not really that hard if you take the time necessary to look at her notes. She's nothing special, a 3/5.",0,0,0,0,0,1,0,0,(hence no curve) Study Tips: This class has a lot of material and she will ask you on everything,Clear evidence supports harsh grading.
BSCI222_167,BSCI222,Raymond StLeger,2024,4,"Dr. StLeger is a very intelligent professor. He explains a lot of cool history and research beyond the main content of BSCI222. Overall, it was a very interesting class; however, it often got difficult (especially the content between the third exam and final) to prioritize concepts/information to study because he unloaded a LOT of information. Honestly, I enjoyed his class even though I underperformed, but if you're excellent with memorizing a LOT of information then you will do fine. He also will spend every second of the lecture talking, so be prepared for him to speak for 75 minutes straight.",0,1,0,0,0,0,0,0,"Overall, it was a very interesting class; however, it often got difficult (especially the content between the third exam",Clear evidence supports exam heavy.
CHEM231_340,CHEM231,Daniel Falvey,2025,5,"Excellent Professor. Great example of hard subjects can be broken down easily. He presents content in a straightforward way, interacts with the class often, and posts lots of resources for different learning styles. Over a dozen students got 100 on exams every time. I got an A in my lab and am understanding Orgo 2 easily due to the foundation he set me up on. His exam questions were always the same format as his homeworks.",0,0,0,0,0,0,0,0,No clear workload signal.,No clear workload signal.
CHEM241_174,CHEM241,Jeffery Davis,2024,5,"As someone who never leaves reviews, I just felt like I had to for Davis. He is everything everyone says, a truly caring professor that wants his students to succeed. A very lenient curve that is transparent from the start of the semester. Love him and his TA Nick made the class so doable.",0,0,0,0,0,0,0,0,No clear workload signal.,No clear workload signal.
MATH241_441,MATH241,Kendall Williams,2025,1,Makes the class a lot more difficult than it has to be. Just look at the grade distributions for other profs.,0,0,0,0,0,0,0,0,No clear workload signal.,No clear workload signal.
MATH246_276,MATH246,Arnaja Mitra,2024,2,"Lectures useless. Matlab textbook is from 2012, so the example code often does not work anymore. Tests are pretty easy and grading generous, but you will be learning on your own time.",0,0,0,0,0,0,0,0,No clear workload signal.,No clear workload signal.
STAT100_135,STAT100,Matthew Griffin,2023,5,"Griffin is a really great professor. He does have some nitpicky rules (no hoodies, assigned seating (that you pick btw), attendance for big lecture, etc) but they’re not bad after the first couple weeks. When he teaches he tells you what practice questions are similar to the ones on the exams, and the past exams you get to practice with are actually like the exams!!! Practice those twice and you’re good, they aren’t hard! Two midterms and the final. No quizzes, just online canvas assignments and worksheets. Mathlab homework was very little and you could really complete it whenever. Go to discussion and read the Problem Set Tutorials!!! before starting the actual Problem Sets because it is very close, if not exactly, what they want you to do. He also offers an insane amount of extra credit!!! Take him! He really sets up the class for success",0,1,0,0,0,0,0,0,"He does have some nitpicky rules (no hoodies, assigned seating (that you pick btw), attendance for big lecture, etc)",Clear evidence supports exam heavy.
CHEM241_173,CHEM241,Lai-Xi Wang,2024,1,"Any positive review was definitely paid by the school. This was the worst class i've ever taken and made my mental health so bad I had to get a licensed therapist to undo the PTSD i got from this class. Prof Wang expects you to fully master the content the day you learn it and thinks that you don't have a life outside of orgo. there are also those bothersome clickers that you need to unnecessarily need to buy (you will use it for this class and this class only, trust.) At least those clicker points total up and basically is weighed the same as an exam. there are lots of grade opportunities I will admit. I remember failing pretty much all the exams and I somehow passed the class. He says he isn't gonna curve, but he does because of how poorly everyone does on the exams and final- he can't fail us all. Then there is the office hours that was just Praha unhelpfully yapping for an hour. Office hours were very inconvenient because most people have class during that time. His lectures are all on a chalkboard so sit in the front. I put in the effort and time and this class was still very difficult. There are a lot of smart people in this class and they will belittle you. They say that you should just study more but it is just not that simple. If you have aphantasia, might as well drop the class now (this is an orgo thing though not on the professor at all.) There is also a huge language barrier that makes it difficult to understand and if you don't understand the first time, then he gets noticeably irritated. This class just sucks the life out of you. There is a reason that everyone switches major after taking this class. Overall, this is just a useless yap fest and unless you are truly devoted and love chem, you will not succeed despite all these grade opportunities.",0,0,0,0,0,0,0,1,I put in the effort and time and this class was still very difficult.,Clear evidence supports fair but strict.
MATH241_440,MATH241,Manoussos Grillakis,2025,1,"THIS MUST BE THE WORST AND MOST EVIL PROFFESOR OF ALL TIME. First of all, the lectures are absolutely abysmal and completely useless. Nothing of value gets discussed and the style of lecture is confusing and not engaging whatsoever, very difficult to follow. For some reason he thought it would be a good idea to only have TWO midterms throughout the whole semester, no quizzes, or homework. So, he expects you to cram 2.5 chapters worth of the God forsaken concepts of calculus book for each one. No regrades. No leeway. Also, his TAs are very strict graders. If you're looking to take calc 3 twice then this is your guy, otherwise stay far away.",0,1,1,0,0,0,1,0,"Nothing of value gets discussed and the style of lecture is confusing and not engaging whatsoever, very difficult to","Clear evidence supports exam heavy, homework heavy, disorganized course."
MATH246_275,MATH246,James Conway,2024,5,"Quite literally the goat. I would take another course in the math department just for him. He makes this class very fair and it's so easy to keep up and approach him. People are terrified of this course, but its so simple with Jamie. Structure: - 3 mid terms ( Very fair grading, just go over class notes + recommended exercises ) - Weekly quizzes ( TA goes over the content in the discussion before quiz, no prep required, also drops 2 lowest) - 3 Matlabs ( Grade booster )",0,1,0,0,0,0,0,0,"Structure: - 3 mid terms ( Very fair grading, just go over class notes + recommended exercises ) -",Clear evidence supports exam heavy.
STAT100_133,STAT100,Matthew Griffin,2023,5,"Take this class with Professor Griffin. He can be stringent on rules in the classroom and could come off as strict at the beginning but he genuinely cares about your learning and wants you to succeed in this class. The class has attendance points and has basically a daily activity which is graded. The class activity is very easy if you pay attention in the lecture. You will have a weekly problem set to do on R Studio but they are easy and if you go to your discussion section, the TA basically gives you the answers and how to do them. The problem set tutorial which is posted on ELMS also basically tells you how to do every question. The exams are very fair in this class and the problems are basically the same questions from the practice problems and the problems done in class but with different numbers, there are no surprises on the test. He also gives out extra credit like candy, if you go to class you can easily secure extra credit on exams, class activities, and problem sets. Take this class with Professor Griffin!",0,0,0,0,0,0,0,0,No clear workload signal.,No clear workload signal.
