review_id,course,professor,year,rating,review_text,project_heavy,exam_heavy,homework_heavy,time_consuming,self_learning_required,harsh_grading,disorganized_course,fair_but_strict,evidence_snippet,label_rationale
CMSC422_025,CMSC422,Mohammad Nayeem Teli,2024,5,"I posted a midsemester review of this class back in October 2023 so this is a review for the class in Fall 2023 semester now that it's over (apologies for being a little late). My feedback for this course now is basically the same as the prior review I made. The first thing I would like to add are that the final project was a little challenging (extra credit section was interesting) and time-consuming so as always, make sure you start your projects early. Second, the final exam was cumulative and relatively similar to the practice final we got. There was also a final exam review session via Zoom, which greatly helped. This class will be challenging from a mathematical standpoint so make sure your calculus, probability, statistics & linear algebra foundation is strong. Other than that, the class was well-organized. I still recommend all students to take this class with Prof Teli.",1,0,0,1,0,0,0,1,final project was...challenging and time-consuming,"The final project was challenging and time-consuming, but the course was organized and recommended."
CMSC424_001,CMSC424,Amol Deshpande,2012,5,"Prof. Deshpande was a great professor (especially for computer science courses). He did not just stand in front of the class and read off a power point. He actually taught the concepts, sometimes with no presentation at all. When he did use a power point, it was as a visual aid and not as a crutch. For this semester, he did only quizzes (no midterm) and a final, plus homeworks. I liked the quizzes because it removed the stress of having a big midterm, however, it required you to always be caught up in the material.",0,1,0,1,0,0,0,0,quizzes...required you to always be caught up,Frequent quizzes and a final required students to stay continuously current.
CMSC430_038,CMSC430,David Van Horn,2024,3,"Professor never replied to emails. I still don't have my final grade on ELMS nor testudo, and I graduated yesterday. Also good luck finding a TA during office hours later in the semester.",0,0,0,0,0,0,1,0,still don't have my final grade,Delayed grading and unavailable support indicate poor course administration.
CMSC433_010,CMSC433,Anwar Mamat,2019,5,"I had Anwar for 433 and 330. He knows how to run a course well, curves fairly, and is generally pretty responsive to student concerns. I think he is a good standard that other UMD CS professors should hold themselves to. His slides are pretty good and his tests are fair.",0,0,0,0,0,0,0,1,curves fairly...tests are fair,The course is described as well run with fair tests and grading.
CMSC451_078,CMSC451,David Mount,2025,5,"My goat David Mount awesome class!! I thought I would fail because I am lazy but he is very generous with grading. The only thing is that HWs take too long and I wish that they could be split up into multiple. Very good class to help you think differently and become more knowledgeable on the theoretical side of CS. Not an easy class at all, but very fun!",0,0,1,1,0,0,0,1,HWs take too long,"Homework takes too long, though grading is generous and the difficult class is worthwhile."
CMSC460_003,CMSC460,Stefan Doboszczak,2022,5,"Professor Doboszczak is a great professor. As an engineering major I have taken just a few math courses throughout my degree.... and Stefan is definitely one of the best I've had. He doesn't just go over the most basic example in lecture and give you the hardest problems to solve for homework. He gives a great balance of examples and theoretical explanations and gives challenging but solvable homework problems. He gives great practice exams and plenty of additional resources to learn the material. The only downside is that he doesn't release answer keys to the practice exams. So you should work on them well before the exam so you can get assistance from him or the TA's if you're stuck. The course, though being titled computational methods, has a lot of cool information regarding the IEEE floating point standard, how computers store numbers, and how to figure out how accurate your answer can be on a given machine (single precision vs double precision). The second half of the course I found to be more challenging as it is the more theoretical mathematical concepts you see on the course description (interpolation, quadrature, differentiation, etc). I was weary to take this class after being required to take so many math courses -- but I actually enjoyed every lecture I watched because of Stefans teaching. I would 100% recommend this course to anyone that has the option to take it.",0,0,1,0,0,0,0,1,challenging but solvable homework problems,Homework is challenging but solvable with strong support and resources.
CMSC470_018,CMSC470,Sarah Wiegreffe,2026,1,"Worst prof ever. Doesn't know shit about the mod. Gives out of syllabus questions in the quiz, which btw varies from section to section.",0,1,0,0,0,0,1,0,out of syllabus questions in the quiz,Quizzes include out-of-syllabus and inconsistent section content.
INST326_001,INST326,Dimitri Wolford,2017,5,Really good teacher. He is very helpful in answering questions and he presents the material thoroughly. He grades very leniently on the quizzes and the tests. The homework assignments are fair and if you struggle he will gladly help you if you go to his office hours.,0,0,0,0,0,0,0,1,homework assignments are fair,Assignments and assessments are explicitly described as fair.
INST327_027,INST327,Pamela Duffy,2025,5,"Professor Duffy does a great job making the material easy to understand. The assignments are very educational and really reinforce what you learn. This class focuses heavily on SQL and isn’t too difficult if you stay on top of things. To succeed, make sure to watch the lecture videos, complete the quizzes before class, and follow along with the in-class code examples and skeleton files provided. Don’t hesitate to ask for help in ELMS or Piazza. Both the TA's and professors are very supportive. Additionally, shoutout to TA Angela! She is amazing and very knowledgeable, and explains concepts clearly. Each discussion is mandatory, and we start with 15 minutes to try the lab exercises on our own. After that, the TA walks through them step by step, which is super helpful. Additionally, there is a semester-long database design project. Make sure to pick a good group within your class section early on, or you’ll be placed randomly. Some parts of the project require meeting up and working on the same device, so it’s important to have a cooperative group. The project can get challenging if group members don’t pull their weight.",1,0,0,1,0,0,0,0,semester-long database design project,A semester-long group project requires sustained coordination and effort.
INST414_022,INST414,Phuong Anh Nguyen,2025,1,"I wanted to start by saying she was one of the worst professors I've ever had, but upon further reflection, she is the worst. Her course structure is unclear, no information is presented during lecture, and it has to be learned through YouTube videos she sends before class. For every class, we simply do an assignment that is due at the end of class—NO EXCEPTIONS. She doesn't provide rubrics for major assignments and then gives unhelpful feedback when you receive a lower grade than expected. Grades on assignments CANNOT be discussed during office hours or, quote, ""your office hours privilege will be revoked."" Her office hour structure is terrible, and you have to request an appointment based on a specific pretext. Most of the time, you will actually be meeting with the TAs instead of the professor. She is rude and resorts to threatening when a student has a mild disagreement and shuts down students' questions during class. Each week, we have a discussion assignment, which we aren't given enough time to complete—or you could simply do a way easier online certificate to avoid discussion altogether. This structure really discourages you from actually attending discussions and interacting with classmates. If I could go back, I'd immediately withdraw from this class, and the course content—compared to previous professors—is abysmal. Do yourself a favor: if Kem is teaching your section, reschedule and pick a different professor.",0,0,1,0,1,1,1,0,learned through YouTube videos...assignment due,"Students must learn externally while facing unclear structure, frequent assignments, and opaque grading."
INST447_004,INST447,Nekabari Sigalo,2023,4,"Easy course. Felt like taking INST126 but with more work with pandas. No challenges were met doing activities because she gives you most of the coding framework for you to modify for assignments. Learned some things about data science but didn't earn much of a learning impact as this course gives you. I used INST course projects as a way to place them into my portfolio for may employers, but I have so say the work we were given wasn't portfolio worthy or even as work heavy as work I've done in 314. Definitely feels like I'm taking a 200-300 level course.",0,0,0,0,0,0,0,0,work...wasn't...work heavy,The review explicitly describes the course as easy and not work-heavy.
MATH140_487,MATH140,Mirna Pinsky,2025,1,"Legit this account was made just for her. Lokey don’t know how she even has a one point five it should be a 0. A lot of people find her rude but that’s whatever but just her actual ability to write tests, teach the material, and answer questions is terrible. Also just to put it into perspective the normal grade with no curve on the first midterm is 60-60 percent our classes was like 30 which is an insane difference. Thankfully by luck I had the best TA Emma to save my grade.",0,1,0,0,0,1,0,0,class average was like 30,Tests were unusually difficult and produced an extremely low class average.
MATH141_520,MATH141,Kendall Williams,2025,2,"the way he taught concepts was okay and was very receptive to questions and helpful during office hours, however the way he wrote problems for exams and homeworks were almost criminal. i had to withdraw from the class after the 2nd exam to save my gpa even after countless hours of studying, going to office hours, asking questions, doing practice problems, etc. just the way the problems in exams are written are horrible and there's no curve.",0,1,1,1,0,1,0,0,countless hours of studying...no curve,Difficult exams and homework required extensive studying with no curve.
MATH240_366,MATH240,Shin Song,2025,4,"Nice person, exams are easy, quizzes are easy. The only knock on her is that she can be a very boring/overly technical lecturer, so you might need to self-study a bit. Don't get complacent after the first midterm because there is a large spike in difficulty for subsequent exams. (They are still easy for those who actually study a decent amount)",0,1,0,0,1,0,0,1,need to self-study a bit,"Some self-study is needed, but exams remain manageable for students who study."
STAT400_443,STAT400,Shrestha Pal,2025,5,"I took this course last summer, but I wanted to add about Shrestha, my TA for STAT400, being one of the most lenient graders I've met. She clearly pointed out where I went wrong and ensured that I did not get completely dinged for careless mistakes on my homework.",0,0,0,0,0,0,0,1,lenient graders...pointed out where I went wrong,"Grading is described as lenient, clear, and reasonable."
STAT401_056,STAT401,Matthias Wellershoff,2024,5,"Very kind teacher and really understanding IMO. Our class was originally 5% project, 11% homework, 28% on exams (3) but format was changed after exam 1 scores were low – ended up doing 20%, 28%, 36% for exam scores as a ""curve"". Exams were similar to practice exams and problems done in class, and fair. Also, instead of the 90/93/97 A-/A/A+ grading scheme Wellershoff used a 85/90/95 A-/A/A+ grading scheme.",0,1,0,0,0,0,0,1,three exams...similar to practice exams,"The course is exam-weighted, but exams are fair and aligned with practice."
CMSC131_420,CMSC131,Aaron Kyei-asare,2025,4,"Aaron is a great guy and I would say that he has definitely improved looking at his past reviews. I came in with little to no prior knowledge and just needed the class for a programming requirement (took CSP in 10th grade), and I still felt like I was understanding what was going on. I will say make sure you go to office hours, that was the most helpful thing for me. The main downfalls of Aaron would be somewhat slow grading, but that's a lot of professors at this school, and the exams. I don't personally think any of the exams were insanely hard, but it is just slightly annoying that he doesn't have any practice exams he created since he started recently. All in all, I would recommend Aaron. He makes class pretty chill plus you get like 3 2-day extensions on the programming projects.",0,1,0,0,0,0,1,0,slow grading...doesn't have any practice exams,The review notes exam preparation gaps and slow grading.
CMSC132_400,CMSC132,Nora Burkhauser,2024,1,"Incredibly easy class but a really bad professor. If you red to be spoon fed information do not take this class you will fail. If you can learn yourself, also figure out what how she teaches it because they are relatively strict with the grading and want code written a certain way.",0,0,0,0,1,1,0,0,If you can learn yourself...strict with grading,Students must learn independently and meet strict coding-format grading.
CMSC216_434,CMSC216,Larry Herman,2025,5,Idk why his rating is so low tbh. Larry is super fair with the stuff he teaches if you go to lecture and actually pay attention you will be perfectly prepared for the exams. His projects are great because the descriptions get real specific about what you should do while also leaving some room for you to do it your way. 10 total points were free points of worksheets graded on completion that you just had to go to some lectures/discussions to complete. On top of this he curves. Getting an A in this class is easy if you regularly attend lecture and are half decent at programming.,0,0,0,0,0,0,0,1,super fair...perfectly prepared for the exams,The course is clearly structured and fair when students attend and engage.
CMSC250_516,CMSC250,Fawzi Emad,2025,5,"I took this course in spring 2025 and I can truly say that Fawzi was one of the best lecturers I've had at UMD. I learned so much from attending lecture and he explained topics very well. He would make explanations of topics very thorough and relatable so that they stuck. The discussions were not that useful in my opinion but that is very dependent upon your TA. However, the worksheets given in discussion proved to be very useful. I liked the fact that the homework was not graded because I could use the assignments for practice (I would do the problems then use the answer key to see what he was looking for in terms of format). Also if there was a problem that I could not figure out no matter how much I tried, I could always fall back on his answer key to point me in the right direction to start or learn how to do the problem entirely. Some might say that this ""defeats the whole purpose of homework"" but I would disagree saying that it made the homework less stressful and allowed me to learn something new rather than simply sitting there not knowing what to do. Overall his exams were very fair and were truly indicative of the content covered in class. Although he did not provide practice exams, reviewing the homework, worksheets, and lecture examples multiple times and ensuring that I was comfortable with those types of problems and the theory behind them was enough to do well. If you are on the fence about taking him, I would do it. If you attend his lectures, pay attention, and put in the work outside of class, you will do very well.",0,0,0,1,0,0,0,1,put in the work outside of class,"Success requires outside effort, but exams and expectations are fair."
CMSC320_173,CMSC320,Fardina Alam,2025,4,"Fardina is a really kind person and the assignments are pretty chill. She hands out extra credit like candy (the bonus HW alone adds 4% to your overall grade). She does spam 70-100 slides per lecture but you get used to that and it's easy to pick up on what's actually important. I didn't really mind and they lined up well with the exams. Only real issue: the TAs this semester are horrible at their jobs. I dunno how much of that reflects on her, but keep it in mind since 1) Piazza is really inactive, & 2) get used to regrade requests because their autograders are crap and take off points for valid code.",0,0,0,0,0,1,1,0,autograders...take off points for valid code,Faulty autograding and inactive support create inconsistent grading.
CMSC330_205,CMSC330,Anwar Mamat,2024,4,"He goes super fast through the content which is very jarring for the first few lectures, so trying to take notes is impossible. But, his slides are very good so there's no need to in my opinion. He has clicker quizzes during lectures to keep people engaged and make attendance mandatory, but they're never too bad and they do help with the content. 330 is the hardest CS class I've taken so far, and it's because all of the content is new. Exams are usually fair but hard, and the project take a very long time to complete. The best thing about Anwar is his passion for teaching. He came back from AWS to teach and I can see why, and I'm glad he did.",1,1,0,1,0,0,0,1,project take a very long time,Projects are very time-consuming and exams are hard but fair.
CMSC335_023,CMSC335,Nelson Padua-Perez,2024,5,"Liked this class because I really learned a lot stuff from it. His exam materials were all included in his bullet points for exam topics, which I thought was fair. Project were fun and easy as well, and the final project was a very interesting one to me personally. Nelson, overall, is a pretty good lecturer, he is very funny, kind, and he cares about his students a lot. I recommend everyone take this class.",0,0,0,0,0,0,0,1,exam materials...fair...Project were fun and easy,Assessments are clearly outlined and described as fair and manageable.
CMSC351_347,CMSC351,Justin Wyss-Gallifent,2025,5,"I had ting for 351 but I willingly woke up to come to this class at 8am and it was so worth it. Justin is a GOAT and so are his notes. They are very easy to understand and helped me tremendously. Even if you do not go to class, if you just are up tot date on his notes, then you will be fine!",0,0,0,0,0,0,0,0,notes...easy to understand,No clear workload signal.
CMSC411_046,CMSC411,Bahar Asgari,2022,5,"Please take this class with her because the way she teaches the content will make sense. The exams are based on practice questions, homeworks, and exercises demonstrated in the slides. Computer Arch is a lower level topic so it could be confusing, but her step by step explanations make it clear. She's very nice during office hours and is willing to help clear your confusion. The projects aren't bad as long as you start around a week before due date. Also, the professor and TA (Jerry Gui) answered piazza questions quite well and detailed, which also was a plus. Overall 11/10 class. STRONGLY RECOMMENDED.",1,0,0,0,0,0,0,1,projects aren't bad as long as you start...week before,"Projects require starting early, but exams and support are fair."
CMSC412_007,CMSC412,Neil Spring,2008,3,"Now, Neil is a great guy and a somewhat competent teacher. His teaching style takes getting used to; he basically walks into class everyday, opens up VI and just types notes, which you are expected to copy down and know. If you take notes on paper, learn to do it by computer, or you will get crazy pissed when he hops all over the place modifying what he wrote. My personal suggestion is Microsoft OneNote. Of course, he posts the notes file online, so you don't really need to take notes, but I would advise you do so, particularly if you're not that familiar with the subject. He involves the class by basically asking us questions and writing the answers in his VI file. He writes it very colloquially which is nice, but sometimes he uses really obnoxiously large, outmoded words (draconian, pathological etc.). The way the lectures go will be entirely up to you and your classmates. In my case, my classmates were total geniuses. We have 1 guy who got a diploma from MIT, half the robotics team, and a bunch of other people who basically know everything there is to know about linux. These people will be the bane of your existence if you are not one of them. They will side track the class, ask really convoluted and (in my opinion) irrelevant questions, and basically confuse the HELL out of you. It is basically your job to slow these people down and make sure they don't get too many opportunities to derail the class. Neil also gives quizzes if someone's cell phone goes off in the class. So, study your notes every night basically. He also has a huge vocab sheet he posts at the beginning of the semester, with words that will be covered on his multiple choice exams. Now some of you may have seen me say multiple choice, and grinned happily; set aside that notion, Neil's exams are pretty damn bad. His questions are more tricks than tests of knowledge, there are several that can be interpreted to mean different things, and it's really anyone's guess as to what they truly ask. Other questions can sometimes reword the answers in such a way that even if you know what the answer is, finding them among the choices is tricky. The projects in this course are pure hell for the most part with 1 or 2 exceptions. This isn't really Neil's fault, he delegated it all to his TA, who mismanaged time a fair amount (routinely showed lecture slides for projects 3 weeks before they were ASSIGNED). Overall, it's not easy to review this course, as I don't know if it's me, the TA, the professor, or the course itself that's the problem, but I do put in 40 ish hours a week for out of class work, and I have a C-. Neil is a fair guy though, so I am not too worried about failing/passing. If you want an A in this class, and haven't been weaned on linux, then you will need to start reading the book weeks before the semester begins. Make sure you have flashcards ready from a previous semester on DAY ONE of the class. Look over previous semester's projects. This class is more demanding than any other I have ever taken, and it's in no small part because of the disparity in intelligence of the individuals who take it. It's going to be a tough, long, hard semester, but keep your head up, and prepare well, and you will get the grade you earn. If your time management sucks, however, prepare for a real shock to the system; this is one of the hardest courses offered at UMD, and you will find out why.",1,1,0,1,0,0,1,1,40 ish hours a week for out of class work,"The course demands extreme weekly effort, difficult projects and exams, though the professor is fair."
CMSC414_080,CMSC414,Yizheng Chen,2025,5,"The hate in here is not deserved, I do agree her class was more difficult than it should've been, but if you spoke with her she was especially kind and willing to help. It was clear to me she was definitely putting in the effort to be a better teacher.",0,0,0,0,0,0,0,1,class was more difficult...kind and willing to help,"The class was difficult, but the professor was supportive and fair."
CMSC420_177,CMSC420,Justin Wyss-Gallifent,2025,4,"I had Justin for calc 3 and had Ting for 351 who cotaught with Justin, so I’m something of a Justin veteran myself. He’s a great lecturer, which is a given. This class is a little weird, with lectures talking solely about math and theory, but with 6 coding projects. The B tree project was the hardest of the 6, but the rest are doable and he drops the lowest so its chill. Also all the projects had their deadlines pushed by at least two weeks which is nice. There are also weekly written homeworks and he dropped the lowest 1 or 2 I cant remember. The tests were fair, anyone who complains about Justin’s exams being too hard is suffering from an incredible skill issue. Overall a good experience.",1,0,1,0,0,0,0,1,B tree project was the hardest...weekly written homeworks,"The course has recurring homework and challenging projects, but tests and deadlines are fair."
CMSC421_074,CMSC421,Maksym Morawski,2025,1,I had him for 320 got an A. This dude is lowkey buns. Imagine a professor who wants to teach but is lazy ash. That's basically him. He's just a troll. Why did I have to have him again for 421.,0,0,0,0,0,0,0,0,lowkey buns,No clear workload signal.
CMSC422_020,CMSC422,Soheil Feizi,2023,4,"Excellent lecturer. The logistics of the course were pretty bad - the TAs were often unavailable and not very helpful, and the homework assignments (ELMS quizzes and a programming assignment) were never really reviewed or explained well. Overall a good experience though.",0,0,0,0,0,0,1,0,logistics...pretty bad,Poor logistics and weak assignment support indicate disorganization.
CMSC424_100,CMSC424,Herve Franceschi,2025,4,"Not too bad overall. While the course material is incredibly useful, the lectures can be quite dry and confusing, so I mainly studied the material using the slides or on my own. The professor is clearly organized, but the quality of class resources is inconsistent: some slides are excellent, while others are messy, and the lack of pre-populated databases makes it difficult to follow along with live examples. The workload is fair, as the homework reflects the lecture topics well, and the first three quizzes are great for understanding the material, though the last two are quite memorization-heavy. While the exams are fair and include a clear topic breakdown, the 35% weighting of the final felt unnecessarily high. Overall, it’s a very manageable and useful class; you'll do fine.",0,1,0,0,1,0,0,1,mainly studied...on my own,"Some independent study is needed, but workload and exams are fair and manageable."
CMSC430_033,CMSC430,David Van Horn,2023,4,"Very good class, would recommend taking if you're looking for an actually not too bad and fun 400 level CS class. I thought it was one of the better organized courses I've taken at UMD, but a lot can be said for DVH's part in that. He was pretty much absent from every Piazza post relying on TAs and Jose to respond and emailing him was basically throwing away an email into the void. With that being said, I didn't have much issues with the course. The TAs are brilliant and make up for this lack of responsiveness and he does record his lectures which is a huge plus! Overall, good professor who cares about your learning. Would recommend.",0,0,0,0,0,0,0,0,not too bad and fun,No clear workload signal.
CMSC433_028,CMSC433,Rance Cleaveland,2023,1,"Man. So you thought 433 was always just going to be Java multithreading right? NOPE! Turns out, it's just whatever the professor wants to teach. This guy, Mr. Rance Cleaveland, was all about programming correctly, because in theory, the more correct your code is, the more secure it is. Neat concept. Nice. Cool beans. Quite a shame, because he clearly can't run a class about it. His class is structured around a single paper mathy assignment, several projects in Dafny and Haskell (dafny is extremely cringe and haskell is just ocaml part 2), one midterm, and one final. Oh, you want to study for the midterm or the final? Yeah sure man, all you have to study is a single slide of a presentation showing all the topics you need to know. No example problems. No practice exam. No textbooks. I guess you have the singular homework that wasn't a project. At least the exam is open computer, closed internet, but doesn't really help when you have zilch to study from. For me, his lecture was quite boring and rather un-learn-able for someone who isn't interested in learning what ancient Mesopotamian symbol I need to know this time. The projects were either incredibly easy or extremely annoying and frustrating, either due to the language or the extremely poor project description. There were multiple Piazza questions all asking about what he meant by the projects and he basically answered them full of academic jargon that probably makes sense conceptually. So basically, his class has zero structure and you're supposed to already be a god and know this kinda stuff in order to do well. The class is not easy despite the workload being low. It just felt like he finally found a hundred people or so willing to listen to him talk about whatever he's been studying for the past however many years.",1,1,0,0,0,0,1,0,projects were...extremely annoying...zero structure,Poorly described projects and weak exam preparation made the course disorganized and difficult.
CMSC451_077,CMSC451,David Mount,2025,5,"Overall, this is an amazing class and you learn so much. It's definitely hard but definitely worthwhile to take if you're interested in designing algorithms. Mount is the absolute GOAT too. He's an incredible teacher and you can get a lot of help on the HW by simply running your approach by him. Midterm average was around a 78, but he curves at the end of the course. He also records! The only gripe I have with the course is that there are only 5 HW's, which makes each HW every time consuming and stressful. I would've preferred more HW's with less problems per HW to spread out the workload. However, I still really loved this course. It was so satisfying when I finally got a working algorithm, and I feel like I got so much better at it.",0,0,1,1,0,0,0,1,each HW very time consuming and stressful,"Homework is very time-consuming and stressful, but the course is rewarding and curved."
CMSC460_005,CMSC460,Shixin Zheng,2026,5,"I'm posting this to indicate that the review below was for STAT400, not CMSC460. Zheng, as far as I know, only taught STAT400 last semester (Fall 2025). Also, the content of the review is identical to another review that was posted for STAT400 with Zheng (and it lines up with what I observed since I was also a student of STAT400 when Zheng taught it during Fall 2025).",0,0,0,0,0,0,0,0,review below was for STAT400,No clear workload signal.
CMSC470_016,CMSC470,Rachel Rudinger,2025,4,"I honestly think Professor Rudinger deserves a higher rating. Starting with the good: The lectures were interesting and informative, offering clear explanations of complex topics. Professor Rudinger was very helpful during office hours and genuinely cared about students’ understanding. HWs and exams are not difficult, and I felt that they reflected the course content well. Also, the new grading structure (gone is the 45% final, its weight split between an additional midterm and final) was a positive change, making the overall grade distribution more balanced. Formula sheets were allowed for every exam, which was helpful. However, there are still quite a few areas for improvement: Students’ questions on Piazza often went unanswered for days. Out of three TAs, only one ever responded to students, leading to delays in resolving questions and confusion. Professor Rudinger rarely checked Piazza and responded with huge delays. Although practice exams were provided, they were released very late. For example, the practice final (we still had the final review slides) was posted just one day before the actual exam, which left little time for preparation. In my opinion, the course was overly theoretical. We never saw any code during the lecture or applied examples of the concepts, which made it challenging to connect theory to practice. The one programming assignment we had explicitly prohibited the use of optimized data structures, which made the project unnecessarily difficult and tedious.",1,0,0,0,0,0,1,1,project unnecessarily difficult and tedious,"The programming project was difficult and tedious, while exams were fair and support delays caused confusion."
INST326_034,INST326,Scott Dempwolf,2024,4,"I didn't have much experience with Python before this class but the professor gave us examples and broke down the code for most assignments. He is very willing to answer questions and change assignments around based on student needs. One star off because the lectures and slides revolved around the book, which I didn't find helpful, but overall I recommend taking him.",0,0,0,0,0,0,0,0,broke down the code for most assignments,No clear workload signal.
INST327_026,INST327,Iskander Lou,2024,5,"Took it over the summer and could of never passed this class without his very helpful videos. He also grades on time which is very nice as a student.The class like every summer classes moved like a fever dream, but his organized class structures made a clear pathway. Overall take him",0,0,0,0,0,0,0,0,organized class structures made a clear pathway,No clear workload signal.
INST414_006,INST414,David Patrick,2022,2,"The course isn't hard-- exams and quizzes are super easy (I mean super easy) and open book, note, internet. But this class was very disorganized. Oftentimes I would take the quizzes and some of the questions would be marked wrong when they were right. The professor did correct this after I emailed but this happened a lot and honestly the whole course felt sloppily put together. All of the homework was just textbook exercises and the readings were the textbook and YouTube videos. The exams and quizzes were just questions that we the students made for our reading assignments. That's right-- the professor didn't have any original materials in this course. I don't think a professor should be expected to write all notes and homework entirely from scratch but here Patrick was really just a grader, not really a professor. I could have done all of this on my own and taken a different elective instead. Oh, also another thing-- our syllabus listed that we would learn about SVMs, logistic regression, neural networks, and a few other things, but so far we have not touched on this at all in the readings or assignments. I would take him if you just want the grade but if you want to learn and be challenged (and feel like you're actually taking a class...) take another professor.",0,0,0,0,1,0,1,0,class was very disorganized...could have done all of this on my own,The course was sloppy and largely required independent learning.
INST447_009,INST447,Nekabari Sigalo,2023,5,"Professor is super open to students, all work is reasonable and covered in lecture videos.",0,0,0,0,0,0,0,1,all work is reasonable,Coursework is explicitly described as reasonable and covered in lectures.
MATH140_510,MATH140,Dong Quan Nguyen,2025,5,"PLEASE TAKE THIS TEACHER IF YOU WANT AN EASY A!!!!! His exams are VERY easy since he give you ""practice exams"" before the real exams and only switches some of the number around. There are 4 midterms and the final and no other grades in this class. There is optional homework, but it really isn't necessary to succeed. The average on all of the midterms was in the high 90s. The final isn't made by him though so it is significantly harder than the midterms, but really isn't that bad. Just look at past finals and if you understand the concepts this is an extremely easy class. On top of that he is just a great guy! Very nice and approachable and has the coolest outfits ever. I HIGHLY recommend taking him!!!",0,1,0,0,0,0,0,0,4 midterms and the final,"The grade is entirely based on four midterms and a final, despite easy exams."
MATH141_541,MATH141,Foivos Chnaras,2025,5,"Honestly an amazing teacher, calc 2 is so hard but you can tell he actually wants every student to succeed, and will put in the time and effort to make sure you do!",0,0,0,0,0,0,0,1,calc 2 is so hard...wants every student to succeed,"The course is hard, but the professor is supportive and invested in student success."
MATH240_343,MATH240,Geoffrey Sangston,2025,5,"Really good teacher, goes over material really well and goes over examples in a way to help you think and understand the questions. Really knowledgeable and exams are extremely fair and doesn't throw any curveballs for the questions.",0,0,0,0,0,0,0,1,exams are extremely fair,Exams are explicitly described as fair and predictable.
STAT400_403,STAT400,Sana Jahedi,2025,1,please bro dont take her. she was fair up until second exam and is being extremely unfair with the exam content. do not take it with her,0,1,0,0,0,1,0,0,extremely unfair with the exam content,Exam content is described as extremely unfair.
STAT401_033,STAT401,Matthias Wellershoff,2023,5,"Really good professor and very nice guy who just wants you to do well. His lectures and notes are very clear, and the exams are pretty much straightforward. If you go to lectures or even read the notes/textbook, you should be more than ready for them. Would highly recommend taking him for Stat401.",0,0,0,0,0,0,0,1,exams are pretty much straightforward,Clear notes and straightforward exams make the course fair and manageable.
CMSC131_387,CMSC131,Ilchul Yoon,2025,1,"I have no idea what grade to expect since im just relying on the curve. Guys im just so extremely stressed because of these exams they are the most obscure edge cases and/or have nothing to do with the practice exams. Other reviews say hes nice, if he was nice, he wouldnt write his exams like this, he wouldnt cause so many people so much stress. Other reviews mention that hes not that bad, maybe for you, but a vast majority of people struggle immensely with his courses. I dont know what to do to succeed in this class, no one i talk to does in any of his classes. He isnt nice. I never wouldve taken this course if I knew how this would go, please stay away from any class he teaches",0,1,0,0,0,1,1,0,exams...obscure edge cases...nothing to do with practice,"Exams are stressful, misaligned with practice, and leave expectations unclear."
CMSC132_418,CMSC132,Pedram Sadeghian,2025,2,"I regret taking Pedram over Nora. His tests are so much harder than other professors. The average on the first midterm was a D when for other professors, their midterms have B averages. Directions on tests and projects can be so annoying as they are sometimes these huge convoluted paragraphs. This is especially annoying for tests because you spend so much time deciphering what Pedram wants instead of doing the questions. Projects can be pretty annoying since you'll be following all of the rules given to you but then some random piazza post suddenly reveals some rule that you were never aware of, causing you to have to redo entire parts of a project. He also for some reason decided to restructure how he teaches the class so there are some topics where he just doesn't teach and leaves to his TA's. This can suck if you don't have a TA who explains things well. Avoid Pedram is you don't want your grade to suffer.",1,1,0,0,1,0,1,0,tests are so much harder...redo entire parts of a project,"Hard tests, shifting project rules, and untaught topics create heavy and disorganized work."
CMSC216_437,CMSC216,Christopher Kauffman,2025,5,"It's clear that the following three reviews were all written by the same disgruntled student. Please take these with a grain of salt and do your own research before making any decisions. Personally, I had no issues with Kauffman and found him to be one of the best teachers in the CS department at this school. >> Honestly I haven't learned anything in his class for cmsc216 because he would never explain things properly due to his unintelligible English; his notes, slides, labs, and projects didn't help and he would purposefully put tricky questions on exams just to assume that people are cheating in his class. DO NOT take this class as it will ruin your emotional stability and cause immense paranoia like it did to me. Stay away from this man and protect yourself at ALL COSTS !!!!! >> very difficult and unhelpful lectures >> I don't think I understood much from Kauffman's lectures. His slides and lecture code was often hard to follow and he information overloads on his project docs, slides, and lab/hmw directions. Although some may find it helpful with given information, I often had a hard time understanding what exactly I am supposed to do with the given information and how I can learn/complete the tasks. I found his projects to be mentally breaking, and I don't agree that this is what is best for students. I believe this class took a huge toll on my mental health and emotional stability. but I don't think Kauffman's 216 would be a great learning experience as you would have to struggle for basically nothing. Last but not least, I don't even understand why we had to learn Assembly in his class because I find Assembly to be completely useless and no one uses it anymore in modern programming. Take this class with another professor if you can",1,1,0,1,1,0,1,0,projects to be mentally breaking,"The quoted complaints describe overwhelming projects, tricky exams, unclear instruction, and self-directed learning."
CMSC250_474,CMSC250,Fawzi Emad,2025,3,"intro: class itself isn't necessarily very hard and lectures are chill but damn this grading kinda hits you like a stick (amongst other things) pros: - he's a really good lecturer. has his ways to keep things entertaining, on pace, and engaging. chairs example is a famous one (when you take it), or has good personal stories every now and then, or brings up something really random to keep class somewhat engaging - the content itself is, pretty easy, all things considered. - exams are pretty fair overview of content (sometimes he might ask something that was barely mentioned in class, so you just have to pay extra attention). - lecture slides (and sometimes the examples) are posted BUT BUT BUT they aren't necessarily very helpful as the slides themselves are just pretty bare/a high overlook of what was going on in class neutral: - this year we had no graded homework (so if you think it'll help to float a grade), but honestly, some of the questions asked on this year's homeworks were more difficult than the type of things we were learning in class -- homework solutions are also posted (for us this year, mightve been different in past) but not necessarily any explanations if youre confused - discussions, besides quizzes, were mainly review of midterms/exams after taken, or extra worksheets for extra practice and explanation - partial credit is very iffy at times. sometimes he'll give a decent amount (carried through mistakes such as a wrong answer in part (a) won't cause you extra lost points in part(b)), or you'll just get no credit AT ALL for a problem you accidentally get wrong - lecture is paced VERY FAST. might be hard to write all necessary notes, depending on your writing speed. laptops are technically not allowed but i don't remember anyone being called out for it in class, unsure if anyone had them out or not - seemed pretty passionate about content in class and the only reason this is in neutral is because he'll sometimes go on a tangent about non-course content or do some extra work that you don't need to do/understand at all, which is alright all things considered - grading is all 4 exams (including final) and quizzes only, so lock in - i would say it is somewhat crucial to pay attention in lecture to succeed in this class, as a lot of the things/examples/content he does in lecture shows up frequently in graded work cons: - sometimes he just doesn't really answer questions in the way that people want them to be answered in lecture - on top of questions, questions during an exam are basically entirely useless unless its an error with the exam/question - POP. QUIZZES. this was really annoying. he will not tell you when quizzes are, and just says that its possible to have a quiz in every discussion. basically near-required attendance as for many weeks you'll be having a pop quiz for both discussions in a week, and rarely are you off if its not review day for a midterm/exam/break. overall, i think pop quizzes are just a really unfair format to get students to be engaged. i had a big issue with this as it was just annoying to study for days we had no quizzes, or to be double-slammed by unforeseen pop quizzes out of nowhere during an extremely busy week. - grading can hit like a truck, one mistake can basically cost you a whole percentage point of your grade (now apply it to 3 midterms, and people potentially start dropping whole letter grades in a couple of weeks) -- essentially, questions are worth a lot of points - no practice exams/any decent resources for studying for midterms/finals, i would say homeworks and notes are your best bets (also worksheets if you attend discussion) conclusion/tldr: pretty much the main 250 professor, i would take him but grading distribution/point distribution can be extremely hurting to your grade if you are not careful, you need to be pretty consistent in exams/quizzes to keep a high grade liked his lectures, quizzes/exams were fair, and content was not bad, just be careful. did not like the pop quiz format at all.",0,1,0,0,0,1,1,1,POP. QUIZZES...grading can hit like a truck,Frequent surprise quizzes and unforgiving point loss coexist with fair exam coverage.
CMSC320_169,CMSC320,Maksym Morawski,2025,1,"Absolutely horrendous wording on exams, refuses to correct or even admit it, has an extremely loose grasp on the english language",0,1,0,0,0,0,1,0,horrendous wording on exams,Poorly worded exams create difficulty and confusion.
CMSC330_264,CMSC330,Anwar Mamat,2025,5,"Gave good examples during class and in his notes which helped with assignments in the course, especially projects. Lectures are definitely disorganized at times with him jumping around content. But when he is focused, you are able to learn a lot in class plus he is a funny guy. Anwar or Cliff? Doesn't matter. The course is the same no matter what so just choose the lecture time that works best for your schedule.",0,0,0,0,0,0,1,0,Lectures are definitely disorganized at times,Lectures are explicitly described as disorganized.
CMSC335_042,CMSC335,Nelson Padua-Perez,2025,4,"The Professor is really nice and funny at times. Attending lectures is not required, and lecture recordings are posted online. For exam preparation, he provides a folder of previous exams for practice, which greatly helps, as it is very similar to the actual exam. The projects are pretty simple and basically require copying and pasting code from the lecture example. There is no final exam, but a group project. Overall, the course is very easy to take and get an A in. If the projects allowed for some flexibility and were more engaging it would have been nice, as I felt like the content really didn't stick with me. Also, since most of the people did not attend lecture, making this class fully online for future semesters could be something to consider.",0,0,0,0,0,0,0,0,projects are pretty simple,No clear workload signal.
CMSC351_325,CMSC351,Maksym Morawski,2025,1,Had a traumatic semester with him last year. Don't take him. All the good reviews here are definitely him writing them.,0,0,0,0,0,0,0,0,traumatic semester,No specific workload evidence is provided.
CMSC411_007,CMSC411,Michelle Hugue,2019,5,"Perfect professor to take if you want to simply pass the class. I studied 3 days before both midterms and did perfectly fine. The exams are very long and you aren't expected to finish them. However, you should attempt to write something for every single question because you will get partial credit as long as it's not blank. The class is online now so you are given a ton of readings/videos and one homework to turn in each week. I never read any articles or watched any videos. The homeworks are graded for completion and are worth 5% of your grade. To study, simply read over the answers to the homeworks. As long as you know a little bit of the material, you should be completely fine. To pass, you need a 55%, which is incredibly easy to achieve.",0,1,0,0,0,0,0,0,exams are very long,"Exams are very long, even though grading and passing thresholds are lenient."
CMSC412_025,CMSC412,Peter Keleher,2025,1,"He's just plain terrible. While I'm happy I took the class and I learned a great deal, none of this is thanks to Pete. He's a flat-out terrible lecturer, and doesn't seem to have much going on between the ears. The projects are helpful as an introduction to kernel development, but Pete's name is nowhere to be found on the projects, nor on GeekOS (the class's operating system). 80% of what I learned in this class was from the textbook and the projects, both of which can be found for free online. The exams are awful. They test you on almost entirely minutia rather than your true understanding of the concepts. It makes no difference in real life if you can recall the exact semantics of a file system, as documentation is more accurate than memory 100% of the time. Almost all of the points I lost in the class were from exams, and I didn't even care toward the end of the class. I ended about half a point under an A-. One of the terms we were asked to define on the exam was not on any course slides, nor in the textbook. On one occasion, Pete himself had a solution incorrect in his answer key. He also, as another reviewer has mentioned, asked ChatGPT to generate him lecture material without so much as proofreading it. This class made me realize that I'm just about done with academics, and I'm now planning to graduate early. This class is an absolute joke, and the incompetency on display here has opened my eyes to how out-of-touch college departments are. Students are paying thousands of dollars in tuition a year, and yet we receive half-assed lectures from a man with maybe one brain cell in his head. You can learn all of this online if you have the motivation. Get your piece of paper, get out, and write some free and open source software. Do some good for the world, lest you become a living zombie inhabiting the dying wasteland of a university like Peter Keleher.",0,1,0,0,1,1,0,0,80% of what I learned...textbook and projects,"Students largely teach themselves, while exams test obscure details and include unfair items."
CMSC414_086,CMSC414,Dave Levin,2025,3,"Pros: Great lecturer, he loves this content and makes lecture very engaging. I found the course content very interesting and relevant. The projects were fun to implement, and the exams were not unreasonably difficult Cons He's basically unreachable outside of class. And the TAs aren't helpful because he doesn't tell them anything. The Piazza was rarely helpful. I you have a serious question or concern about a grade - good luck. Grading takes forever.",0,0,0,0,0,0,1,0,Grading takes forever,Slow grading and unreachable course staff indicate administrative disorganization.
CMSC420_120,CMSC420,Justin Wyss-Gallifent,2023,3,"It's Justin, great lecturer and passionate about his students. Class is easy but has more of a math emphasis than other CS classes IMO which I don't really enjoy.",0,0,0,0,0,0,0,0,Class is easy,No clear workload signal.
CMSC421_083,CMSC421,William Regli,2025,5,"Regli is fantastic- I can't understand the hate. He updates the slides regularly, exams are fair and you even get a cheat sheet. To do poorly in this course you have to try. He's extremely knowledgeable and funny with great lectures that make you think and content that is worth connecting to.",0,0,0,0,0,0,0,1,exams are fair,Exams are explicitly described as fair.
CMSC422_001,CMSC422,Hal Daume,2016,2,"Unfortunately, Hal was disappointing. At first, he seemed like he'd put a tremendous amount of effort into the class and that we would learn a lot. After the first 3 weeks though, he stopped putting any effort, and taught extremely poorly. We barely covered any material, and he made the final trivial. I wouldn't recommend him for anyone who wants to learn: though he does make the class very very easy (16% extra credit absolute).",0,0,0,0,0,0,0,0,made the final trivial,No clear workload signal.
CMSC424_018,CMSC424,Amol Deshpande,2021,4,"I believe this class is necessary for all computer science majors to take because it gives you an in depth overview about databases and the theories/concepts behind them. However, the real world will probably cover 20% of what you actually learn. Since it was the covid online semester, I appreciate Amol for having a synchronous call once a week to cover the panoptos for the week, but if you didn't watch the videos or have any questions the lecture is useless. There was a homework worksheet on gradescope and mini coding project due every week which did seem tough to finish at times (especially at the end of the semester) but he was lenient and gave us 20 late days for the whole semester while dropping some assignments. The midterms were very hard and the averages of them were on the low side, but the curve was extremely generous (80% is an A). He is responsive to concerns and was one of the more understanding CS professors that I have had. The only comment that I have is that there are so many topics that you feel you are zooming without really learning it in depth. But it is kinda impossible to fail this class since the curve is generous and if you show effort within each assignment, you are guaranteed to pass.",1,1,1,1,0,0,0,1,homework worksheet and mini coding project due every week,"Weekly homework and projects plus hard midterms create heavy work, though policies are lenient."
CMSC430_039,CMSC430,David Van Horn,2024,2,"I'm gonna start with some pluses about 430. The class notes are thorough and completely finished, so what I did was read up on the topic for the upcoming lecture and treated lecture as a review, which was super beneficial. TAs I had in office hours were knowledgeable and helpful in breaking down the topics. David's lectures were sort of monotone and dry, but he did include useful tips for projects at the start of some lectures and I think he does care about having students learn the material. So if the topics interest you, you won't be disappointed. That said... the grading takes horrendously long to get back. It took over a month to get our first midterm grades back. Especially near the end of the semester, questions about final grades were ignored on piazza leading to a huge lack of transparency on what cutoffs were and on how to actually calculate our final grade. I just needed this class to graduate, and it was frustrating not being able to get a straight answer on what my grade actually was. Even now that I've gotten my final grade on testudo back, I was anticipating a C based on what they've said about how they'd do grading but got a C- instead. I can get over that because I just need to pass the class, but I have no idea how that grade is getting calculated due to the lack of communication.",0,0,0,0,0,0,1,0,grading takes horrendously long,Severely delayed grading and unclear final-grade communication indicate disorganization.
CMSC433_033,CMSC433,Leonidas Lampropoulos,2024,5,"Amazing professor. Often grants extensions if he feels the class needs it, and ensures we understand the projects fully so that we are all successful. The midterm was really difficult, but projects are manageable so a good grade is definitely doable.",0,1,0,0,0,0,0,1,"midterm was really difficult, but projects are manageable","The midterm was difficult, but projects and grading remained manageable."
CMSC451_046,CMSC451,Laxman Dhulipala,2023,5,"The homeworks are definitely long, but Laxman was extremely responsive on piazza and always answered questions clearly in class. Was caring and compassionate during office hours which you should definitely take advantage of.",0,0,1,1,0,0,0,0,homeworks are definitely long,Homework is explicitly described as long.
CMSC460_001,CMSC460,Vladimir Yushutin,2020,1,It is enough to say that he needs a lot of things to be a good professor.,0,0,0,0,0,0,0,0,needs a lot of things,No clear workload signal.
CMSC470_005,CMSC470,Rachel Rudinger,2022,2,"Extremely boring class. Lectures are drawn out with unnecessary detail that isn't interesting either. Homeworks are laughably easy for how much they're worth, so this class is an easy A. If she's still doing video recordings in the future I recommend skipping class and reading the slides, as you're just saving yourself the time for the same grade in the end.",0,0,0,0,0,0,0,0,Homeworks are laughably easy,No clear workload signal.
INST326_049,INST326,Matthew Patrick,2024,5,"Best professor I've taken at umd. Took me a fair amount of self-motivation at first for the style of his course but it was really really rewarding, and he super helpful during class whenever I needed it. He helped relate the course content to job interviews and careers too which I really liked",0,0,0,0,1,0,0,1,fair amount of self-motivation...rewarding,The course requires self-motivation but is described as rewarding with support.
INST327_017,INST327,Devanshi Shah,2023,1,"If you guys ever plan on taking INST327 this semester, I’m begging you for the love of God, DO NOT take this professor if you want your grades to not drop. The professor literally copies Prof. Duffy’s videos and reads off the screen word for word. She never actually meaningfully engages with the content And the TAs are something else. They don’t respond to emails and hardly help others because they are busy with their own midterms…funny because when I asked for an extension because of an upcoming midterm, a TA said that it wasn’t a good excuse. So you can choose not to respond because of your midterms but our work isn’t an excuse for extensions? Talk about double standards And they don’t know how to organize a class. The syllabus says one date for an assignment, the ELMS page says another. HOW DO YOU NOT UPDATE A SYLLABUS?! They mess up due dates for assignments, causing undue stress for myself and other students. The labs, quizzes, and discussions are easy As. But the homework assignments are extremely difficult. They are already complex and then the professor and TAs ignore or hardly respond to questions for help on the assignments. Then they have the nerve to grade assignments harshly. They took off 15 points just for using an exact WHERE condition just because it wasn’t an allowed structure? Why take off points for an effective code. And these assignments are 25% of your grade. Besides, they poorly teach and don’t guide students well and then have the nerve to grade harshly when they get something wrong. All in all, poor teaching, lack of guidance, disorganization, and difficult assignments from hell are messing up the class. Don’t take this professor! If she’s the only one available for INST327 this semester, then please take it another semester.",0,0,1,0,1,1,1,0,homework assignments are extremely difficult,"Difficult homework, poor teaching, harsh grading, and inconsistent deadlines create major workload risk."
INST414_020,INST414,Zubin Jelveh,2024,5,"Great guy, great professor! Honestly was expecting five star reviews on here when I checked and I was really surprised to see otherwise. Excellent professor if you're interested in data science, I really feel like I learned a lot in this class regarding bias/discrimination, and he does a great job of showing actual applications from his previous research. I actually felt like I left this class being able to do work that can have an impact.",0,0,0,0,0,0,0,0,learned a lot,No clear workload signal.
INST447_001,INST447,Nekabari Sigalo,2021,5,"one of my favorite professors in the iSchool, took her for 408F as well, she is a great professor. is concise and clear in her lectures, and is willing to help her students if needed.",0,0,0,0,0,0,0,0,concise and clear,No clear workload signal.
MATH140_483,MATH140,Anna Szczekutowicz,2025,5,"Best professor ever lowkey, this class was such a reasonable amount of work. If you took calc in high school it'll be lightwork. Her lectures are very well articulated, clear, and concise. She doesn't record them but she uploads all her notes which are very detailed so you can still learn new material easily just off of those alone.",0,0,0,0,0,0,0,1,reasonable amount of work,The workload is explicitly described as reasonable and lectures are clear.
MATH141_553,MATH141,Roohollah Ebrahimian,2026,5,"genuinely the goat bro. There's a LOT in this course so he has to go quick but he still takes the time to answer every question in depth and teach the content well. He drops the lowest hw score, 2 lowest quiz scores, and your lowest exam (if you get higher on the final). He is the best possible option for this class. The practice exams are extremely similar to the actual exam and he offers like 5 for each midterm.",0,0,0,1,0,0,0,1,There's a LOT in this course,"The course covers a lot quickly, but grading drops and aligned practice make it manageable."
MATH240_375,MATH240,Shin Song,2026,4,"If you just follow her class, you will be very confused. But the her biggest advantage is grading of exams",0,0,0,0,1,0,0,0,"follow her class, you will be very confused",The review implies students need learning beyond class instruction.
STAT400_414,STAT400,Sana Jahedi,2025,1,"Okay outside of all of the reviews about how difficult this class is, this professor is just genuinely a liar. She said she would add credit to where it would benefit most, then went back on that, then halved the credit, and then just put it in the same place for everyone. I exceeded beyond what I thought I would need for the grade I wanted, but still will not get an A even after getting clarification as to how things were going to be graded multiple times (and guess what they weren’t graded that way). So disorganized and stress inducing.",0,0,0,0,0,1,1,0,weren’t graded that way...disorganized,Changing grading promises and disorganization made the course stressful.
STAT401_025,STAT401,Mestiyage Gunatilleka,2022,5,"Great professor, would recommend for anyone taking statistics, this is my third time taking a class with him and still getting an A",0,0,0,0,0,0,0,0,getting an A,No clear workload signal.
CMSC131_401,CMSC131,Ilchul Yoon,2025,1,The average final grade in his class is a 67% which is a failing grade or at least not able to progress to the next level of compsci. And I think that should tell you all you need to know about his quality of teaching and if you should take him or not.,0,0,0,0,0,1,0,0,average final grade...67%,The review cites a failing average final grade as evidence of severe grading outcomes.
CMSC132_420,CMSC132,Pedram Sadeghian,2025,1,"exams were extremely difficult, not the best at teaching either. Don't recommend at all!",0,1,0,0,0,0,0,0,exams were extremely difficult,Exams are explicitly described as extremely difficult.
CMSC216_450,CMSC216,Christopher Kauffman,2025,5,"One of the best professors I have ever had. I think he truly structures his course through a student's perspective. The fact that he records his lectures and lab walkthroughs really allowed me to fully understand the course concepts. I feel like he gave adequate practice materials for exams and although they were REALLY long, his projects were one of the biggest reasons I did well in this course. His long and intensive projects covered basically everything that we would need to know for the course and doing the projects helped me not only understand the topics conceptually but also in practice. My advice to future students would be to really understand the projects because thats usually what the coding question for exams will be based off of.",1,0,0,1,0,0,0,1,REALLY long...long and intensive projects,Projects are long and intensive but strongly support learning and exam preparation.
CMSC250_463,CMSC250,Maksym Morawski,2025,1,"Extremely lazy, incompetent, and puts no effort into teaching or learning material.",0,0,0,0,0,0,0,0,puts no effort into teaching,No clear workload signal.
CMSC320_154,CMSC320,Archit Kambhamettu,2024,5,"One of the few TA's I've had who actually deserve a planetterp rating. This man is a legend- if you talk to him during office hours, he'll remember you and always say hi. Nicest TA I've had and can't recommend him enough.",0,0,0,0,0,0,0,0,Nicest TA,No clear workload signal.
CMSC330_199,CMSC330,Anwar Mamat,2024,1,"Don't get me wrong, Anwar seems like a genuinely nice and intelligent guy. That being said, he is one of the worst computer science professors I've had at UMD. CMSC 330 by itself is notoriously disorganized. They seem to change the syllabus and languages covered every semester, never seeming quite certain about what they are going to do over the 15 weeks and jolting around during lectures. Everything is so haphazard and nothing is properly communicated. There are four quizzes during the lecture and they always cover content that was poorly taught during the lectures that happened that week specifically. There is rarely any time given to actually absorb the content before the quizzes. Projects vary, some being hard and others much easier. Most of the projects will have to be self study because they barely cover what we need to know for them during lecture. Anwar himself is a poor lecturer. He zooms through slides and is always flipping between a powerpoint and a terminal or just freeballing and using his web browser. Because of this it never seems like he has a solid idea of what he's trying to cover during the lecture. The resources given to us are also super messy. I feel like 1/3 of the content we need to know is actually taught and the other 2/3 are scattered across random GIT repositories, massive slide decks that are only half covered in class, or other notes. You will feel lost and alone in the course and there is no one really to help you except your friends who are taking it too. The exams oscillated between very fair and very challenging, with some questions seeming near impossible to finish. Cliff doesn't seem much better and they co-teach the course so good luck to any soldier who has to take it. I very much hope the entire department wakes up and realizes that this is their worst course, but seeing how these problems have persisted for the last 5+ years I highly doubt it.",1,1,0,0,1,0,1,0,Most of the projects will have to be self study,"Projects require self-study amid disorganized instruction, with some very challenging exams."
CMSC335_014,CMSC335,Nelson Padua-Perez,2023,5,Super nice professor who's very fair in his exams and projects. He's also hilarious and makes lectures entertaining.,0,0,0,0,0,0,0,1,very fair in his exams and projects,Exams and projects are explicitly described as fair.
CMSC351_336,CMSC351,Justin Wyss-Gallifent,2025,1,"He is an okay lecturer; he's somewhat interesting to listen to, although I think the lectures are still a bit boring. He teaches the topics well and makes complicated algorithms easy to understand. I would've given him 4 stars if it weren't for his tests. I have never been in a class where I understood the topics but received a bad grade because of so many lazy mistakes in writing the exam. Although I did score poorly on exam 1 and the final, I understand it was my abilities and not the professor's or the exam's fault. Exams 2 and 3 had 2 major issues. Exam 2 had a question saying simplify that was some ludicrous summation, and I spent the majority of the whole exam trying to figure this out, leaving me with no time for the remaining questions. A TA specifically said a summation could not be in the answer as well. When exam grades came out, the rubric had a summation as the answer. He did give us the points if we had the summation in our work, but wasting my time on this led me to make stupid mistakes on others I would've caught if I had time to check. The question also gave us initial conditions that made no sense for the question. Exam 3 had a question that was literally impossible, which was clarified at the end after having spent 15 minutes second-guessing my knowledge. Every exam had a crazy number of issues. Like a question on the FIRST PAGE that wasn't even in the exam material. Although these issues were noted quickly, unlike the other two. I don't understand how these exams are made. One look at it and you can find all these issues, I thought it was standard practice to give the exams for the TAs to take.",0,1,0,0,0,0,1,0,Every exam had a crazy number of issues,Repeated exam errors made assessments difficult and poorly administered.
CMSC411_025,CMSC411,Michelle Hugue,2020,1,Completely fails to teach anything- uses other universities lecture slides and gives exam questions which have nothing to do with the provided notes.,0,1,0,0,1,0,0,0,fails to teach...exam questions...nothing to do with notes,Students are not taught adequately and exams are misaligned with provided materials.
CMSC412_008,CMSC412,Ashok Agrawala,2021,1,"I would give ZERO stars if I would. This is both the hardest and worst course that I've ever had the displeasure of taking at UMD. I enrolled in this class because I thought that Operating Systems is a fundamental and useful skill to learn, even if difficult, but found out that the administration of this class makes this 10x more harder for literally no reason. There are so many things wrong with this course that I wouldn't recommend ANYONE taking it because it's not worth it. First of all, others seemed to like the professor's lecturing ability, but I did not. He goes on tangents all the time and is very unclear in his statements that it is impossible to focus. The slides are comprehensive, but are taken straight from the textbook so that isn't really a credit to the professor. The projects and exams though, that is a different hell. Let's talk projects. Each one is incredibly difficult, and the instructions are HORRIBLE. There is really no valid reason why there should be a spec, slides, and FAQ for EVERY SINGLE PROJECT. The spec is awfully written and flat out wrong about things, the project slides are vague and also have incorrect information. The FAQs don't answer certain questions with any new information, and the fact that an FAQ is even needed for a project means that the instructions are poorly written. And to make things worse, even the spec, slides, and FAQ are sometimes not enough. On a related note, administration for this course was TRULY TERRIBLE. Questions on Piazza were just left unanswered even though there were many people with the same question; the TAs just didn't answer and weren't active. I'm pretty sure they were also left in the dark about logistics in the class, because it was near the end of the semester and we STILL did not have breakdowns of grading. That part of the course website was just never filled out. And one of our pop quizzes, which we only had 10 minutes to do and had a very poor average, was worth almost an entire project grade. That is completely ridiculous and shows how little the professor cares about administration for this class. For exams, we didn't get any review material, no study guide or previous exams, zip, zilch, nada. Just ""look at the slides"" which are hundreds if not thousands of slides so it's impossible to study everything on it. In addition, for our final, the professor was very unaccommodating to concerns over the Omicron variant, and refused to move the final online despite multiple CS classes shifting online, and almost the entire class requesting this change. No reasoning was given, of course. Lastly, our final exam, which is worth a quarter of our final grade, was put on the grade server, and we never even got it back to see what we got wrong, let alone a regrade request. It was simply put on Testudo. This fact may change since this review is posted, but nevertheless it is inexcusable to have these final grades submitted without students seeing the reason, especially when this resource is easily available via Gradescope. I get that Operating Systems is a hard concept, but like I said, the administration made this course needlessly more difficult. I am sure that most other people in the class agree with me regarding the majority of the points that I raised here, and there are probably more points that I didn't mention. These points are definitely fixable (having clear grading, clear project descriptions, enforcing Piazza answering, giving us study material) and should definitely be addressed the next time this course is taken. I find that unlikely to happen though, so I do not recommend this course to anyone until then. You're better off looking at the slides or textbook on your own.",1,1,0,1,0,1,1,0,Each one is incredibly difficult...instructions are HORRIBLE,Extremely difficult projects and exams are compounded by unclear instructions and poor administration.
CMSC414_043,CMSC414,Michael Marsh,2023,5,"He changed his course around a lot for this semester which made it extremely easy. With the new system, everything is self paced and you can do the assignments/projects whenever as there is no true due dates. One person speed ran the entire class in a few weeks. In addition, he utilized standards based grading which means that there are no tests, but rather goals which are to be completed. Instead of tests, there are challenge problems which are little assignments that are very easy but make you think. Lectures are not required (but are helpful nonetheless) Overall, this semester’s version has been the most laid back and least stressful CS class I have ever taken as you can easily self pace the entire course and not feel stressed.",0,0,0,0,0,0,0,0,most laid back and least stressful,No clear workload signal.
CMSC420_133,CMSC420,Justin Wyss-Gallifent,2024,5,GOAT,0,0,0,0,0,0,0,0,GOAT,No clear workload signal.
CMSC421_056,CMSC421,Max Ehrlich,2024,1,"As a student, I was incredibly interested in the possibility of taking an artificial intelligence course at UMD. However the biggest thing that was a let down was the way the course was instructed and the instructors themselves. Max is most definitely incredibly knowledged about the subject, and seems to have a passion for AI itself. However, the course was by far the worst organized 400 level course I have taken at UMD, and that's coming from a university with many ""below average"" professors in the computer science department. First and foremost, no enforcement of the material was given throughout the year. The course ""material"" was directly copied and ripped off from CS188, Berkeley's Intro to AI course. The slides, were directly copied as well. As a student, I found it much more effective to visit Berkeley's website and learn from their instructors instead. Signing up for this course would be a waste of your tuition when you can simply learn the material yourself using the CS188 website. Even the midterm itself was given with a low effort on the instructors part. The midterm was given online in class. Almost all students found the midterm to be impossible to complete in the given time, and this resulted in a low average for the exam. Instructors had to remove an entire section of the midterm after grading to better curve the results, which meant that students spent time on that section for no reason. There were 3 total homeworks given in the class. Homeworks 2 and 3 provided more of a learning experience and had more applicability to the course material in comparison to anything else we'd ever learned in class. Homework 3 was building an image classifier using a nueral network which ended up being the most helpful and interesting project done in the class. This project was done using PyTorch, however Max provided absolutely no guidance on how to start with PyTorch leading students to self learn the material before being able to start the homework itself. The final project was a group project, but yet again students were misinformed of the requirements. We were orginally told to complete a short report on our project, but a week before the deadline, this was changed to a 3-5 page report. Moreover, the grading procedure of the final project was not given until a week before the deadline. The lack of communication and help with both the homeworks and the final project speaks to how poorly the class was run. Overall, it seems that some individuals are not meant to teach no matter how knowledgable they are in the material, and Max is one of them.",1,1,0,0,1,0,1,0,leading students to self learn...final project...requirements changed,Students self-learned project tools while facing impossible exams and shifting project requirements.
CMSC422_059,CMSC422,Mohammad Nayeem Teli,2025,3,"Teli's just kind of an average CS professor, ""not too hot, not too cold"". He posts lecture slides, though they almost certainly cannot support all of your learning in the course, since they are a bit incoherent (maybe that's the point of the lectures). He gives practice exams before each exam, and he and his TAs were fairly active on Piazza. I thought his exams were fair and generally alright, but the grading could be a bit harsh at times (on the midterm, there was a question with no partial credit at all, worth 20% of that exam's grade). He gave HWs roughly biweekly, which we had two attempts at in case you missed anything the first time. Moreover, there were three coding projects, each had a ""writeup"" portion (worth up to 40% of the project's grade) where you'd have to answer conceptual questions on the code and sometimes provide graphs. Not to mention, these projects did not have an autograder! Overall, I am not upset having taken the course with Teli—I just wish both of the professors for this class were better, since this class could be so interesting if there was someone engaging who taught it.",1,0,0,0,0,1,1,1,grading could be a bit harsh...no partial credit,"Projects were substantial and grading harsh, though exams were fair and support generally active."
CMSC424_052,CMSC424,Peter Keleher,2023,2,"Very poor expirence overall. He read of lecture slides never goes into detail. His exam and quiz often have content not covered in lecture, it is difficult to find examples relating to questions. This projects are often confusing and structures of objects are unclear. Giving him some credit he often gives extensions and review material. You'll spend alot of time teaching yourself. The textbook has a lot of good information but is often hard to follow. Not the worst professsor ever but generally avoid.",1,1,0,1,1,0,1,0,spend alot of time teaching yourself,Confusing projects and uncovered exam content require substantial self-teaching.
CMSC430_020,CMSC430,David Van Horn,2023,5,"Lectures are kind of dry, but the class is well structured, excellently run, and very interesting.",0,0,0,0,0,0,0,0,"well structured, excellently run",No clear workload signal.
CMSC433_037,CMSC433,Anwar Mamat,2025,2,"Do NOT take Anwar for 433. The projects are not well timed, he is a boring lecturer who just refers to his online notes verbatim to teach, and has assigned projects over break and makes them due the same day as an exam. The one thing that I can say about the class is that it is well structured and that he does provide notes, but other professors who have taught 433 before have done a better job at making notes than he has. Very disappointing to experience this considering the nice reviews I have seen and heard from other classmates.",1,0,0,1,0,0,1,0,projects...due the same day as an exam,Poor project timing creates workload spikes despite an otherwise structured course.
CMSC451_010,CMSC451,Andrew Childs,2018,4,Good professor but has very high expectations for students.,0,0,0,0,0,0,0,0,very high expectations,No specific workload signal is provided.
CMSC470_001,CMSC470,Rachel Rudinger,2021,1,"I'm not questioning her knowledge of the course materials or anything, but Rudinger definitely needs to prepare for each of the lectures/slides before presenting. Even though this probably isn't the case, it feels as if she just got the slides for a day's lecture THE SAME DAY and just decided to read off the slide contents instead of actually preparing to be asked questions. No one even asked questions because she was going so fast that we couldn't even process. It's almost like she was trying to get the lectures over with quickly because maybe she has stage fright or is embarrassed about not fully knowing everything in the slides, but we're not attending lecture to judge her or for a performance, we're just in class to learn course materials. She does not create her own slides at all (which isn't the worst part, many professors probably don't). The worst part is that it does not even feel like she has read or prepared for the slides. Almost a majority of the class (80-90% of the time), she is reading directly from the slides and even gets lost sometimes. Constantly trips up or uses synonyms of words to make the presentation have more flare, but listening in during lectures were honestly painful. Course assignments and grading were a mess as well. We had 2 homework assignments covering topics for the midterm, and the second homework wasn't even graded until the last three weeks of the semester (yes you read that correctly). I will say that this is probably her very first time ever leading or teaching a course and the pandemic was still going on, so she may have potential for improvement. But from what I saw, there is a LOT of room for improvement.",0,0,0,0,0,0,1,0,assignments and grading were a mess,Unprepared lectures and severely delayed grading indicate disorganization.
INST326_079,INST326,Aric Bills,2025,5,"so free if you vaugley keep up exams are like 90 percent the practice exam so if you understand concepts instead of remembering answers you are more than good. Only complaint is group work for the final project as I had a pretty unfortunate group. attendance required, weekly ""practice"", and exercises",0,0,0,1,0,0,0,0,"attendance required, weekly practice, and exercises",Required attendance and weekly practice create recurring course effort.
INST327_007,INST327,Pamela Duffy,2021,5,i literally love her she is so caring and takes her time to help you understand. Definitely take a class you need with her if possible.,0,0,0,0,0,0,0,0,takes her time to help,No clear workload signal.
INST414_008,INST414,William Farmer,2023,1,"If you want a professor who holds office hours, communicates with students, does things on time, or explains things, DO NOT TAKE INST414 with him. He would regularly cancel office hours and tell us he's rescheduling but never reschedule. He told us he'd hold an additional weekly review for us, but never held any. He would publish lecture videos and assignments at the last minute. He also promised us that he would have review videos before each assignment, but they were published after the assignments. The overall communication is just poor. He is slow to respond in the class Discord and via email.",0,0,0,0,0,0,1,0,publish lecture videos and assignments at the last minute,"Repeated cancellations, late materials, and poor communication show disorganization."
INST447_012,INST447,Matthew Patrick,2025,1,"Took until last day of finals to grade some of our assignments, including the final project which took over a month of preparation. Discussion sessions were canceled half the time due to to TA unavailability, which caused large gaps in learning. Also, there were barely any slides or lectures it was just a slide or two of R code that we had to base our learning off of. No leniency or good communication, and TAs are the ones who primarily take over discussions and office hours.",1,0,0,1,1,0,1,0,final project...over a month of preparation,"A month-long final project, missing instruction, cancellations, and delayed grading create heavy self-directed work."
MATH140_491,MATH140,Matthew Wilson,2025,5,"TAKE MATTHEW WILSON!!!!!!!!!!!! He is really good at teaching the content for this class. Most of the time I understood everything he says and is always available after class if you're confused with something. He does assign a LOT of homework but is always open to giving you extentions if you email him. He's also just a very nice guy, I've talked with him after class before just on random topics and he is just very chill. His tests were pretty hard I will say however he offers points back on in class quizzes in discussion sections, and is very leaning with partial credit. If calc scares you and you can get into a section with him I highly recommend you do. The TA's too were so helpful at covering some topics that were hard. I will also say that his discussion worksheets are pretty challenging, I'd make friends with people in your discussion and ask for help if you need it. TAKE MATTHEW WILSON!!!!!",0,1,1,0,0,0,0,1,assign a LOT of homework...tests were pretty hard,"The course has heavy homework and hard tests, but extensions and partial credit make grading fair."
MATH141_497,MATH141,Timothy Pilachowski,2025,1,This professor is probably the worst person and professor I have ever encountered at this university. He doesn’t how to teach and is very disrespectful.,0,0,0,0,0,0,0,0,worst person and professor,No clear workload signal.
MATH240_310,MATH240,Owen Guch,2025,5,Very kind and helpful TA. Could not have gotten an A in this class if it weren't for his discussions. Teaches in a manner where everyone can follow along. Is very patient.,0,0,0,0,0,0,0,0,kind and helpful TA,No clear workload signal.
