review_text,project_heavy_true,project_heavy_pred,exam_heavy_true,exam_heavy_pred,homework_heavy_true,homework_heavy_pred,time_consuming_true,time_consuming_pred
"In the second half of the semester, he got so much better. His midterm 2 was really good and he gave us a practice exam that was very similar to the actual exam. He also told us exactly what kind of problems would be on the exam. His final exam was extremely easy, it was almost a copy and paste of the practice exam he gave us before the final exam. It was his first time teaching so the first half of the semester was rough, but he listened to the students advice and really turned things around. The bad reviews were mostly all from the first half of the semester after the first midterm which went horribly.",0.0,0,0.0,1,0.0,0,0.0,0
"I want to preface by saying she is a very nice lady and actually does want her students to do well. However, I don't recommend taking her. The material is honestly covered very fast in the lecture, she gives a lot of examples with the work, but notes are all over the place, the lecture is difficult to understand. For the calculus related part of the course she explained things well but everything related to statistics and theory was rough. Her handwriting is not great which makes it hard to write down the notes. She will answer questions thoroughly if you ask her after the lecture and that can be helpful. Exams are worth 92% of the grade, it's a 400 level class so this might be a given but the exams (at least for me) required A LOT of studying, more than all my other classes put together. There are some practice exams but answer keys are incomplete and very disorganized. The discussions are very lackluster and not helpful. It's required because you have to turn in your homework in person which is annoying. The TA will spend 15 minutes writing down the previous week's homework answers on the board instead of just posting them on canvas and taking questions in office hours. This would take away a lot of time from asking questions about the current week's material and we would almost never get through the worksheet that is supposed to be the focus of the discussion. To add on, the other professor teaching this semester gave a cheat sheet on exams and allowed calculators, our class had neither of those. There are a bunch of formulas to memorize. The only way to do well in this course unless you are just gifted at statistics is to lock in on the textbook. Do as many textbook problems as you can and you will do good on the exam. Overall, I recommend taking the class with a different professor. The grade cutoffs were very generous though.",0.0,0,1.0,1,0.0,0,1.0,0
"intro: insanely passionate professor that is always working on the class and how it works, pretty cool in general pros: - open note exams - fun lecturer that records lectures (i mainly had to watch but he is good) - good on answering questions, being available to students, even goes on piazza every now and then - gradescope homeworks that are quizzes, can retake - labs are useful to content - projects are fair, mostly public tests then manual inspection - extra credit available based on class engagement and some other small factors which helps with grades - constantly looks for feedback through surveys - piazza is good, incentive to discuss and engage with each other, prof will be on there at times - besides recordings/slides/example code, other things are also posted and are available for use - practice exam reviews a bit of the content, it is reviewed in lecture before exam (good overall) - makeup credit available on projects in a way - TAs are pretty helpful neutral - flow of class/content/lectures expects you to be on top of work constantly rather than doing it last minute including him asking questions in lecture to class - ""required"" textbook, available online when I took class, reading it is not actually necessary but it seems like very good supplemental material - discussion section not necessary to attend (when I took class) but offers good reinforcement on labs and content cons - one part of labs is a quiz section but you don't know what questions are right or wrong when you check the answers, so sometimes its hard to know what you did wrong and end up wasting extra time conclusion: take the class! he's a good professor",0.0,0,0.0,1,0.0,0,1.0,0
"As other students have stated here, Ting is a nice person and seems approachable, and she clearly cares about her students' success. She’s somewhat active on Piazza and provides helpful advice on how to study and succeed in the class (e.g., prioritizing topics for midterms and the final). Unfortunately, the language barrier makes it difficult for her to communicate the material in a way that resonates with everyone. If you're comfortable understanding it, then more power to you. But for more security in your grade, I’d suggest the following approach: Attend Ting's first 2–3 lectures to gauge how well you can follow along. Then, consider attending Justin's lectures (I started around the Big-O/Big-Omega/Big-Theta topics) and see how you find them. Personally, I found Justin's co-teaching more helpful for understanding the material, even though it meant waking up at 8 AM. By the middle of the semester, I stopped attending Justin's lectures in person, instead reviewing his notes when doing the homework. I also used office hours to clarify concepts and help others out, which helped me practice the material. Occasionally, I’d attend Justin’s 8 AMs just to refresh my understanding. In hindsight, I probably should’ve been more consistent with attending Ting’s lectures, as my exam grades weren’t as high as they could’ve been. Grade Breakdown: MCQs: 7.69% Homework: 15.38% Exams: 46.15% Final Exam: 30.78% Total: 100% Most of the MCQs were straightforward, with about 14 in total this semester. You should be able to score 100% on most of them, though the number of MCQs and homework assignments may change each semester, as well as the number that are dropped. Many students, including myself, used a group chat to compare answers, and we attended office hours for clarification on more open-ended questions. While I didn’t go to Ting’s office hours, I’ve heard they’re helpful. The TAs for both Ting and Justin were shared this semester, and there were a few associated with Ting’s sections that I found especially helpful toward the end of the semester. As for Ting's exams, there’s a good amount of partial credit, so even if you make a few mistakes, it’s rare that you’d need to request a regrade. However, exams accounted for roughly 77% of our grade, so even if you perform well on homework and MCQs, you still need to do well on the midterms and final to get an A. If you handle exam pressure well and avoid small mistakes adding up, you should be in a strong position for this class.",0.0,0,1.0,1,0.0,0,1.0,0
"Amazing Professor! Lectures are very engaging and he explains things clearly. Grading is very fair and he gives lots of opportunities for bonus/make up credit. Labs and HWs are relatively easy and focus on introducing concepts. Projects are hard but not impossible and they truly teach you the material. Exams are fairly difficult but they do reflect what's taught in class and are similar to the practice exams given. If you study hard and understand the labs and projects, you can definitely do well on the exams. Re doing labs on paper or parts of projects is a great way to study, the exams usually have pretty normal coding questions with the rest being short answer. The short answer matters just as much as the coding in terms of grading which isn't bad by any means. He gives extra credit for participating in lectures and answering questions on piazza which is a great idea!! I initially was motivated to participate for the extra credit but after the first few weeks of class, I found myself participating out of genuine curiosity or just wanting to engage with the material. For piazza, this was the one class where students would always respond to questions quickly which was very helpful. Overall, Kauffman is a great professor and I'm glad I got to take this class with him!",1.0,0,1.0,1,0.0,0,1.0,0
"Obviously avoid this man like the plague if you can. BUT, if you're stuck taking him, understand that you will not learn anything whatsoever. There is literally zero point in expecting to actually get better at algorithms after taking 351 with Kruskal. Lectures are completely laughable. Better off not attending them tbh. TAs are... there. I mean, go say hi, little chit-chat. Not much actual help though. You learn quickly that this class is one of the more unorthodox ""sink-or-swim"" experiments, if we can call it that. Btw, don't expect any semblance punctuality with grading whatsoever. Also the class is very exam-heavy. And that too only 3 exams that make up 83% of your grade. That's very stressful. And the Homeworks aren't graded that leniently either. No place for free points. And make sure you do as well as you can on the midterms because the final is just brutal. We got back our second midterm grades a week before the final. Also half the grades (as far back as grades before the first midterm took place) wasn't even graded one week before the exam. No point stressing, just chill. Best way to study for the exams is to a) Understand all the past exam and practice exam material, and the homework problems and try think of different spins on them, different variations they can be asked in, etc. This helps SO much. b) Understand the algorithms and all topics covered on the exams extremely well conceptually. c) Memorize, and then change up and iterate whatever practice exam material questions provided. If you do these things, the exams are quite frankly not extremely hard. Just not enough time to answer everything with your best attempt. Honestly, other than the final I kinda winged the exams, maybe spent a day or so studying for them. What I did not do was care to reference any of the lectures or try and learn things on the go. There are maybe 1 or 2 questions that require you to use your intuition and reason quickly. But otherwise, the exams are just practice exam and homework questions reworded or asked with some kind of twist. The optimal approach is to answer those quickly first, and then spend a lot of time to reason out the 1 or 2 thinking-heavy questions The exams are graded extremely harshly. Again, you'll get so many points off even when you are conceptually correct because of some little thing. You HAVE to push regrade requests after every exam. Otherwise you leave a ton of points on the table. You'll still probably do terrible on the exams. But so will everyone else. Our exam averages were 57, 58, and 43. So make of that what you will. The one saving grace of this class is the all ole mighty curve. For this Semester: A+: 85+, A: 75+, A-: 70+, B+: 65+, B: 60+, B-: 55+, C+: 51+, C: 46+, C-: 41+. I **thought** I did much better on the final than I actually ended up scoring. Grading, like I mentioned before, ridiculous how ridiculous it is. Just farm regrade requests if you answered a question mostly correctly but got all or most points off. One thing though was that I ended up being surprised by the relative generosity of the curve, so there's that. So for that reason and that reason alone, I'm giving this 2 stars rather than 1.",0.0,0,1.0,1,0.0,0,1.0,0
"Decent professor. Definitely cares about what he's teaching an explains concepts really well. He is slightly slower and doesn't cover as much content as other professors though. Grade consists of weekly quizzes, homework, 2 midterms, and a final. Quizzes are pretty hit or miss, but eventually you get the hang of it. Personally, I felt the quizzes were harder than the exams cuz they kind of test you on trickier stuff. Homeworks are definitely hard but are good preparation for the exam in terms of what to expect. Start on them early and ask TAs about any questions you have to maximize your grade for them. Exams are pretty easy. If you just study for them, you're guaranteed a 90+. They are straightforward questions and even if you can't figure out a proof, you can reason your way to something to get most of the credit. Grading can be a bit harsh for homework assignments and sometimes the quizzes as well, but just submit a regrade or ask Teli and he can fix it. The final wasn't actually a final. It was just a third midterm. Only covered whatever we learned after the 2nd midterm. Was also about the same length as the other midterms, maybe slightly longer, but you get twice the amount of time. Overall, I thought it was a well ran class. Because it is a discrete math course, some of the things might not click immediately. But he records lectures so you can look back at them and if you go to his office hours, he is very open to answering any questions or doubts you have. I would definitely say Teli is a good option for 250",0.0,0,1.0,1,1.0,0,1.0,0
"THE GOAT! Very good lecturer, the quizzes are very similar to the homework and worksheets. Even his exams aren't very difficult if you do the problems from class and discussions. He does speak a bit fast, but it's a fun class, and he's super funny! Honestly, the reason why I got a bad grade was mostly on me.",0.0,0,0.0,1,0.0,0,0.0,0
"Doesn't really matter if you take Cliff or Anwar for 330 as they coteach (same quizzes, projects, exams, schdule, etc.). If you don't like Cliff's slides/notes, you can see Anwars. If you don't like Cliff's lectures, you can go to Anwar's. I went to both and Cliff is slightly more boring, but I also find the material boring in general. This is easily one of the most organized CS classes at UMD. Everything is very clearly communicated, and the course website is SO useful. Every past quiz and exam is available to study with (as well as their answer keys). The TAs are obviously very close with Cliff and seem to enjoy their job, which definitely makes the class feel sort of homey. My biggest complaint were some exam questions were really more reliant on logic than on understanding of the material. These were the minority, but still. Also, Cliff/Anwar both sent out an email to everyone, accusing ""many"" people in the class of using AI on projects. They offered the usual ""snitch on yourself or we'll sent you to OSC"". My problem with this is that they sent this a few weeks before finals, and said they wouldn't report anyone until after finals. So, everyone had the threat of a potential false AI accusation looming over their heads throughout finals. Imo it's unprofessional to punish the entire class instead of just contacting/reporting those individuals directly. Also I knew of no one who was reported, so it's somewhat likely they lied to get people to turn themselves in (since you can't really prove AI usage anyways).",0.0,0,1.0,1,0.0,0,0.0,0
"He had to handle a difficult topic for a class which was honestly not smart (including me). He tried his best, but it wasnt easy because of the online lectures. Class averages were pretty low throughout, but he curved generously in the end.",0.0,0,0.0,1,0.0,0,0.0,0
"This will be an overall holistic review of his teaching through his first semester and some lore n stuff, this is gonna be fun to write. Week 1 - 3: (Intro stuff, basic set theory, combinations, counting (discrete math stuff), geometric probability, sigma algebra (wtf is that), conditional probability, and some Bayes theorem) Kinda bad, didn't have good examples through class, but wasn't the worst professor ever, started to record lectures with Notability, used the microphone (so ppl in the back of the room can hear him), and has PDFs of the notes after 2-3 weeks. Pretty rough start, but we got there. Week 4 - 6 (First Exam on Week 6) (More Bayes, Random Variables, pmf + cdf for discrete RV's, variance, binomial, geometric, and hypergeometric) Up to this point was decent, I learnt way more through the textbook and Khan Academy and videos, so yeah, also this is when I stopped going to class for a bit (all the career fair stuff was happening n shit) (The practice problems for exam 1 was basically just a random document with 50 easy questions shoved in right the Monday before the exam, just went through what we learnt up to the point) Week 7 - 10 (Fall break + negative binomial, poisson, continuous RVs, pdf, cdf, expected values, and variance. Normal + standard normal distributions, transformation of RV, exponential + gamma + weibull + log normal + gamma distribution) This week we had to go to the hotel cuz idk wtf the be doing in the Armory. This is when he turned around and became the GOAT, went to his office hours a lot between exam 1 and 2 to ask for him to help us a bit with either doing practice problems, bonus points, practice, or (Telling us exactly what type of questions would be). He said he'll think about it. We also signed a petition to ask for like either it was like bonus points or smt or like a review. And he was like (damn these kids lmao, but he did help us tho). The Tuesday right before exam 2, he said, ""You have 5 questions. These are the topics to study up on, kiddos."" It definitely helped me, which was nice. There was like 1 problem on negative hypergeometric (we didn't learn it, but we had to try and derive it; most ppl got 13/20 on it was super lenient on grading). Also, week 10, he started to do bonus points on the HW yeaaaa!!! Week (11 - 13): (Joint RV, Joint pdf, marginal pdf, conditional pdf, expected values, covariance and correlation, some intro statistic stuff, point estimation, methods of point estimation (Method of Moments) He started to do curves this week (thank the heavens). Other than that, this week was pretty chill. The examples were at least starting to get better, and he kinda explained like why they mattered and what it kinda means in the bigger picture. We also had the opportunity for a 2.5% grade bonus in class on the Tuesday before Thanksgiving Break. (Curve method linear transformation with the average score and max score if avg less than 83, curve up) Exam 1 Cuve = new score = 0.708 x old score + 29.17 Exam 2 Curve = new score = 0.7831 x old score + 21.69 Final Exam Curve (Maybe if we get a lower than 83% class average) Week (14 - 15) (Hypothesis testing, linear regression, MLE estimator) Slower week, was nothing crazy, we got the practice for the final 2 weeks before the final Sunday at 12:34 am, I also emailed him at 3:00 pm Sunday and said he would give it after he got home, my ass was waiting for him to post it. TAs kinda did the funny with the quizzes, and the professor had to fix their problems with not creating the same quizzes n shit, but yea We'll see for the final exam and if any new things happen, but he said that he would make the final exam easier and only 8 problems, so it should be good (I hope) Exam 1 Stats 76 avg and the highest grade was 100 Exam 2 Stats 78.29 avg and the highest grade was 100 So, not the worst and definitely got better, I guess if you can self-teach yourself first, then read his lecture recording/notes after you understand the topic, then you can ask some questions and maybe pick out some more things better in the lecture. I think he's pretty chill and yeah :thumbs_up: Hopes this helps anyone for Spring 2025 or any future semesters of STAT400 he teaches, and I hope he continues to enjoy teaching and being nice to his students Don't wanna glaze him or hate on him too much, but I think a 3 or 4 is a good rating for him.",0.0,0,1.0,1,0.0,0,1.0,0
"This class wasn't too bad, but it really did not feel as rewarding as how the other reviews said. The structure of the class was split upon 5 projects, 2 exams and a final, hw ""quizzes"" (they're incredibly easy), and labs. The projects were quite difficult in my opinion (3 and 4 were the worst but in different ways I'll explain later), but they were good practice. PLEASE DO NOT GPT THEM, AND PLEASE START THEM EARLY (trust me you will thank me). They are designed in a way that is quite different from 132, they are very long and test the information covered very thoroughly, but it is good preparation for the exams. I thought projects 1, 2, and 5 were relatively straight forward with a decent difficulty, project 3 was pretty difficult because Assembly is just like that, but project 4 was really hard because it was assigned late (giving us less time to do it), but it was an added difficulty to figure out which tests were actually passing because it would work half of the time due to the concurrency (sometimes, tests would pass on grace, but completely fail on gradescope). The exams were actually not that bad, they tested content covered in the most recent project to the date of the exam, and were open note. But I think the open note concept is kind of misleading, it doesn't make the exam easier, it just made it a different kind of test, covering applications of topics rather than fundamentals which you may be used to from previous courses. The labs and hw were good practice if you diligently did them, and were overall pretty free grades. Kauffman did pretty unique system for participation called engagement points, which was counted under the labs you completed, but any extra lecture participation or piazza participation would be counted as bonus, which was pretty nice. The content covered wasn't really too difficult in my opinion, but I felt lectures were pretty pointless. His slides I felt made the content way more complicated than it needed to be, and his speaking was way too technical and not easily digestible. During discussion, a lot of times it felt the TAs couldn't really give me in depth answers for questions, and mainly just went over the labs. As a result, most of the time I would learn either reading the textbook or yt vids. A lot of times too, the way Kauffman focused on materials was more related to computer hardware than the coding, which made it feel more applicable for Computer Engineering majors, and I felt like the mateiral I was learning was kinda useless compared to how other teachers taught it. Some of the reviews talked about him being condescending, others talked about him being super nice, I thought he was fine overall in approachability, but like none of the extremes. TL;DR: Kauffman is a fine professor, but I felt a lot of the reviews are rating him higher than he should be. The course content isn't too difficult, but sometimes it was pretty frustrating using the terminal and grace, and its just overall a very different experience from previous courses. Once again DO NOT GPT PROJECTS, START THEM ON DAY 1 - you will suffer the consequences otherwise trust me.",1.0,0,0.0,1,0.0,0,1.0,0
"I think this is the last time Justin is teaching 351 in-semester for a while, but certainly take him when you can. I'll be taking him for 420. We shall see how the 7-exam system works, but 351 is as of writing the more traditional 3 50-minute exams and a final which are 83.33% (500 of 600 points) of the course. Pros: - He's done this so many times that he can guide everyone from start to end of the topics and the course without many hiccups. - The entire official class notes are already posted, and he just rewrites a section of them for each lecture. - Exams are straighforward, follow the 3ish practice exams you get. They're always the same difficulty level, no curveballs. - You'll lose a few points on the homeworks here and there but they're generally helpful for understanding stuff. - Great guy living a great life. If you need anything, he'll help where he can. - Can't emphasize enough how nice it is to not have shenanigans going on in a class. No games to be played, just learn content however you do best, do homeworks, take exams, repeat. Cons? - Really the only downside that I could imagine is that he keeps having to simplify the course, so we go slower than we could and don't learn as much as we used to. It's cool stuff, and I wouldn't mind learning more of it. - I guess I should mention 351 has no discussion (didn't see a need for one), and Justin doesn't do recordings, which again there's daily handwritten notes and the permanent full body of LaTeX notes. For me, it was worth getting up at 6am to commute and go to all the 8am lectures. Prioritize getting a seat in a Justin section.",0.0,0,1.0,1,0.0,0,0.0,0
